implementation=pyorica.core.ORICAFilter
n_ch=8
n_pts=512
sfreq=500.0
block_size_white=32
block_size_ica=32
counter=512
sphere_fro=1.3395983055852383
weights_fro=2.8284271247461898
sources_fro=520.52623156582342
--- log ---
[core.py] input: D:\work\Python_Project\pyorica\pyorica\orica\input.txt
  data.shape = (8, 512), sfreq = 500.0
  block_size_white = 32, block_size_ica = 32
data.shape: (8, 512)
data: [[-4.91078939e+01 -5.51674722e+01 -6.59090250e+01 -6.51070773e+01 -7.10164356e+01 -6.82434343e+01 -7.15790843e+01 -6.68333245e+01 -5.22927335e+01 -3.93192576e+01 -2.22055415e+01 -4.28796055e+00  1.20028039e+01  2.69710968e+01  3.92504319e+01  4.01503552e+01  4.14657886e+01  3.04820978e+01  1.78037948e+01  4.75895933e+00 -1.20320500e+01 -2.06175520e+01 -2.90547355e+01 -3.42580925e+01 -3.04888357e+01 -2.18493519e+01 -3.11315704e+00  6.68946181e+00  2.01325971e+01  2.97631741e+01  3.72569717e+01  3.24192139e+01  2.47703600e+01  1.22269892e+01  3.20193180e+00 -1.31502865e+01 -2.26639249e+01 -3.14734493e+01 -3.13100720e+01 -2.45566173e+01 -1.45064187e+01 -3.32344182e+00  1.74164985e+01  3.72830697e+01  4.62800495e+01  6.41762136e+01  7.14603626e+01  7.18537561e+01  7.00163341e+01  5.70709108e+01  5.27945682e+01  4.41021768e+01  3.21547325e+01  1.98465364e+01  1.17504212e+01  9.00215565e+00  5.08576250e+00 -5.20842920e+00 -6.09963900e+00 -1.34984179e+01 -1.67925953e+01 -2.38424082e+01 -2.51077284e+01 -3.20213669e+01 -3.56511110e+01 -3.18394630e+01 -3.93002055e+01 -3.45124522e+01 -2.80885363e+01 -3.14031048e+01 -2.54469922e+01 -1.80025305e+01 -1.74675507e+01 -1.85221478e+01 -2.14382648e+01 -3.36476836e+01 -4.15228849e+01 -4.66815320e+01 -5.33269506e+01 -5.55437669e+01 -5.93065621e+01 -6.01239008e+01 -5.37099927e+01 -4.65235825e+01 -3.85560890e+01 -2.50134707e+01 -1.61593229e+01 -1.13790612e+01 -7.59742348e+00 -1.02686366e+01 -1.18439541e+01 -9.13397945e+00 -1.25445068e+01 -1.39095376e+01 -5.02596802e+00 -4.00566289e-01  8.91908102e+00  1.92212387e+01  3.16424231e+01  3.52857507e+01  4.96757313e+01  6.06121517e+01  5.86957741e+01  5.87852149e+01  5.85174879e+01  5.43858611e+01  5.18836370e+01  5.29924337e+01  5.06676331e+01  4.77731486e+01  5.14214312e+01  5.79892669e+01  4.89147062e+01  4.67214659e+01  4.24140964e+01  3.68800633e+01  1.94154974e+01  6.93988372e+00 -1.60303830e+01 -2.78493257e+01 -4.05469146e+01 -4.79705109e+01 -4.65461785e+01 -4.91332237e+01 -3.85501531e+01 -2.01088756e+01 -5.45280102e+00  5.76532044e+00  2.27151918e+01  2.99457452e+01  2.93219730e+01  2.59098574e+01  1.76102010e+01  1.36031146e+00 -8.02664782e+00 -2.19521840e+01 -2.82827585e+01 -2.87360438e+01 -2.75044532e+01 -1.76623510e+01 -4.22367081e+00  1.33700244e+01  2.60271942e+01  4.36871691e+01  4.86757888e+01  5.51938788e+01  5.21644809e+01  3.88148487e+01  3.13637298e+01  1.66752246e+01 -8.61693885e+00 -2.29118703e+01 -3.43592348e+01 -4.34547809e+01 -4.42451816e+01 -3.73681230e+01 -2.84580482e+01 -2.32920621e+01 -8.96956248e+00 -8.06480280e-01  1.38573438e+01  1.76970006e+01  1.50153072e+01  1.92309116e+01  2.27005935e+01  2.18274783e+01  2.03686277e+01  1.87125696e+01  1.97722329e+01  2.37615781e+01  2.40537509e+01  2.70643688e+01  2.67810935e+01  2.76758777e+01  2.14574843e+01  1.81441690e+01  1.58064643e+01  8.46776345e+00  4.78115406e+00  4.80109725e+00  6.68388030e+00  3.71731338e+00  1.07480297e+01  1.64867047e+01  1.94654751e+01  2.48344866e+01  2.13732325e+01  1.68798953e+01  1.20748741e+01  3.34250547e+00 -7.04549108e+00 -1.51217409e+01 -3.07697878e+01 -4.08533639e+01 -4.80912480e+01 -5.03672389e+01 -5.10050388e+01 -4.73331645e+01 -4.45113265e+01 -4.31403945e+01 -4.25471737e+01 -3.69107861e+01 -3.72166927e+01 -3.62154275e+01 -4.80183832e+01 -5.38546865e+01 -6.42293423e+01 -6.14076637e+01 -6.13947658e+01 -6.18627776e+01 -5.11584636e+01 -5.22194226e+01 -5.07249061e+01 -3.66159896e+01 -3.56337494e+01 -2.36102596e+01 -1.78280436e+01 -1.78524126e+01 -1.54569136e+01 -1.48327821e+01 -6.50853626e+00 -2.36695086e-01  7.65533901e+00  2.17791435e+01  3.24662102e+01  4.37135960e+01  5.50687249e+01  7.04887206e+01  7.54911071e+01  7.48038142e+01  7.14990035e+01  5.97368817e+01  3.87614966e+01  3.18056428e+01  1.37214620e+01 -1.05767784e+00 -9.21424115e+00 -6.58272568e+00 -6.94926366e+00  3.00158849e+00  9.97624636e+00  2.45501013e+01  3.57178487e+01  4.23306435e+01  3.96128640e+01  3.51889860e+01  2.66771994e+01  9.67053458e+00 -7.13966327e+00 -2.30409052e+01 -3.68694446e+01 -4.73388090e+01 -4.16315264e+01 -4.51209406e+01 -3.09563847e+01 -1.71517027e+01  2.60191009e+00  1.38636216e+01  3.35486685e+01  4.01879937e+01  4.96524038e+01  4.91011271e+01  4.61752198e+01  2.81296809e+01  2.37892285e+01  9.77191503e+00 -4.53732556e+00 -1.36531503e+01 -2.06998915e+01 -2.51407787e+01 -2.59147186e+01 -2.57686471e+01 -2.31818492e+01 -1.94557142e+01 -1.33627173e+01 -1.39927671e+01 -1.65571508e+01 -1.95839332e+01 -2.24128220e+01 -2.35233592e+01 -2.06625430e+01 -1.45921731e+01 -1.78150324e+01 -1.33268990e+01 -2.07060206e+00 -1.36044577e+00  4.48549549e+00  9.82484760e-01  1.31998889e+00  6.00390853e-01 -1.24787203e+00 -4.35392890e+00 -9.46512605e+00 -8.72884744e+00 -4.64011883e+00  1.37841618e+00  9.95859101e+00  1.87072259e+01  3.01843909e+01  4.62182936e+01  5.35096927e+01  5.18477652e+01  5.44155486e+01  5.68729079e+01  5.40779189e+01  4.81837865e+01  4.29288823e+01  3.46280746e+01  3.47472148e+01  3.28713317e+01  3.44153550e+01  4.01131336e+01  4.15889200e+01  4.10633889e+01  4.66009845e+01  4.48561406e+01  4.05384604e+01  3.43801042e+01  2.24546658e+01  1.10482804e+01  5.90522393e-01 -1.04552482e+01 -2.09855695e+01 -3.06259548e+01 -3.47524071e+01 -3.74514260e+01 -4.29703250e+01 -4.63261415e+01 -5.72628738e+01 -5.77356635e+01 -6.47128682e+01 -7.18627369e+01 -8.59483414e+01 -9.12556647e+01 -9.68159020e+01 -9.66566112e+01 -9.30549798e+01 -8.16604906e+01 -6.17165415e+01 -4.50281711e+01 -2.78494733e+01 -1.06540882e+01  6.63754123e+00  1.02972987e+01  1.87026506e+01  2.50520232e+01  8.93246267e+00 -5.22405154e+00 -1.40869273e+01 -2.15852585e+01 -2.68887201e+01 -3.92124943e+01 -3.04412645e+01 -2.63570963e+01 -1.04896935e+01  4.12765335e+00  1.80693697e+01  2.33412192e+01  2.86590050e+01  3.01415148e+01  2.35572238e+01  1.25141465e+01 -3.64310914e-01 -2.05572056e+01 -3.76780005e+01 -5.07839083e+01 -5.75608214e+01 -5.80063745e+01 -5.22979705e+01 -3.94319288e+01 -2.64598516e+01 -6.81246573e+00  1.30263475e+01  3.39051782e+01  4.90421092e+01  5.67695708e+01  6.20697505e+01  6.58343105e+01  6.16426371e+01  6.02995236e+01  5.29645842e+01  4.87815608e+01  4.45296501e+01  4.27402740e+01  4.12009254e+01  4.16640294e+01  3.89025496e+01  3.12660088e+01  3.03545092e+01  2.42825830e+01  1.49478082e+01  1.11349056e+01  1.41762383e-01 -1.30588742e+00 -7.45894809e+00 -1.51261449e+00  1.79980080e-01 -4.03916646e+00  3.47392995e+00  5.07298526e+00  3.22173775e+00  3.87351714e+00  8.12810947e-01 -1.42927360e+01 -1.24712989e+01 -2.28205648e+01 -3.31582382e+01 -4.04289274e+01 -4.15859192e+01 -4.46866950e+01 -4.05535442e+01 -3.93752891e+01 -2.79299138e+01 -2.52318322e+01 -1.59137273e+01 -1.62006847e+01 -9.78182409e+00 -6.26546670e+00 -1.06126953e+01 -1.83432063e+01 -1.81793801e+01 -1.66700275e+01 -1.98516448e+01 -1.44642328e+01 -9.75890945e+00 -5.12882528e+00  1.46064223e+01  2.73850101e+01  3.25654339e+01  4.47291814e+01  5.25541214e+01  5.80806271e+01  5.67454644e+01  6.13113782e+01  6.21932480e+01  6.47871922e+01  6.07756967e+01  6.15148245e+01  6.78435261e+01  6.45513015e+01  6.71026153e+01  5.88512345e+01  5.44135224e+01  4.76837559e+01  3.58764623e+01  1.80475423e+01 -8.02005933e+00 -2.46869589e+01 -4.01580006e+01 -5.58073996e+01 -6.24454085e+01 -6.57409805e+01 -5.89216865e+01 -5.30705068e+01 -4.11069188e+01 -2.10208573e+01 -1.12124143e+01  3.96965326e+00  1.01905907e+01  1.55244307e+01  6.80986462e+00 -5.13938875e-01 -9.80761863e+00 -2.19958806e+01 -2.85026459e+01 -3.48730412e+01 -3.12325218e+01 -2.12646636e+01 -1.04286678e+01  3.71356392e+00  1.96081404e+01  3.70957705e+01  3.95723725e+01  4.90544836e+01  4.66583004e+01  3.39616799e+01  2.18509184e+01 -2.69470826e+00 -2.05050737e+01 -4.63792134e+01 -5.89883008e+01 -7.01482354e+01 -7.93139461e+01 -8.19740370e+01 -7.39762780e+01 -6.93120517e+01 -5.92283810e+01 -4.34542923e+01 -3.12290141e+01 -2.13282467e+01 -1.44921054e+01 -1.14374338e+01 -3.09041105e+00 -4.21668786e+00  5.98501105e+00  1.16704517e+01  1.14779088e+01  1.93448921e+01  3.12716316e+01  3.12330436e+01  3.92943049e+01  3.75260434e+01  4.25378768e+01  4.14792682e+01  3.21870203e+01  2.78034359e+01  2.36016654e+01  2.23695896e+01  1.92437556e+01  1.91969592e+01  2.53018042e+01  2.98993551e+01]
 [-5.60791378e+01 -6.66789327e+01 -6.29093361e+01 -6.55467718e+01 -5.96120114e+01 -5.66392519e+01 -4.41287180e+01 -4.01404751e+01 -3.11271856e+01 -3.34892135e+01 -3.19363405e+01 -3.69992194e+01 -3.88770710e+01 -4.35346509e+01 -3.75044381e+01 -2.13547115e+01 -1.44105024e+01 -1.18847394e+00  2.36127702e+01  3.99344140e+01  5.64907545e+01  6.98019276e+01  6.88014744e+01  4.94733548e+01  3.36730190e+01  1.81775374e+01 -1.60812914e+01 -4.95038646e+01 -7.37933531e+01 -8.88348609e+01 -9.92388732e+01 -9.89516870e+01 -8.17639721e+01 -7.06199846e+01 -4.02653661e+01 -1.50917078e+01  1.09739225e+01  2.56781519e+01  3.33923801e+01  3.40041254e+01  2.85316054e+01  1.18422870e+01 -3.78134152e+00 -2.71308044e+01 -4.37402352e+01 -6.20657856e+01 -6.41708622e+01 -6.44530072e+01 -5.68693215e+01 -5.32572692e+01 -4.06845816e+01 -2.28300358e+01 -8.32988626e+00  7.98466041e+00  1.72763329e+01  3.15312026e+01  4.21476505e+01  4.09321543e+01  6.15874699e+01  6.75905252e+01  7.86685673e+01  8.64815520e+01  8.72698329e+01  8.66924259e+01  7.94671089e+01  6.32733445e+01  5.05365818e+01  1.94706001e+01 -6.05801869e+00 -3.16214400e+01 -5.26176792e+01 -6.56260856e+01 -7.62585484e+01 -8.44188108e+01 -7.33129170e+01 -5.35303718e+01 -2.99743114e+01 -8.57421804e+00  1.16641667e+01  2.33513662e+01  3.80373238e+01  3.76163932e+01  3.86586239e+01  1.90228372e+01  1.55748710e+00 -9.75117739e+00 -2.40591779e+01 -3.25614371e+01 -4.26189362e+01 -3.12788638e+01 -2.32443706e+01 -1.16965626e+01  3.15580728e+00  2.09285646e+01  3.49291910e+01  4.30523700e+01  3.77697018e+01  4.37560733e+01  4.08764748e+01  3.78921069e+01  3.49975162e+01  4.17445342e+01  3.99094819e+01  4.79261216e+01  5.62653507e+01  6.37957620e+01  7.29218173e+01  7.98876861e+01  8.00156845e+01  7.60756981e+01  6.85343465e+01  5.91518811e+01  4.85226647e+01  3.39302796e+01  2.38225497e+01  1.63480118e+01  9.83561937e+00  3.33063770e+00  3.89105373e+00  2.26089835e+00  1.63279433e-01 -5.53980475e+00 -8.89350729e+00 -1.59175043e+01 -3.08878778e+01 -4.25627532e+01 -5.04116571e+01 -5.66542693e+01 -5.86954594e+01 -5.15978963e+01 -3.60328779e+01 -1.18207295e+01  1.22534866e+01  4.62943360e+01  6.79734883e+01  8.85920973e+01  1.10889907e+02  1.13690237e+02  1.08715155e+02  8.94515103e+01  7.13687831e+01  3.71230468e+01  1.33156064e+01 -1.92563358e+01 -3.40419112e+01 -5.70822401e+01 -4.63973131e+01 -4.23720260e+01 -2.80464505e+01 -9.20158599e+00  1.58649632e+01  2.93412361e+01  4.74777478e+01  5.17868824e+01  5.48887214e+01  3.93900550e+01  3.65061381e+01  2.19479358e+01  2.17342206e+00 -1.10681248e+01 -2.15971851e+01 -3.63127830e+01 -3.65289233e+01 -3.94168987e+01 -5.09713657e+01 -5.51558589e+01 -5.09458888e+01 -5.91274022e+01 -5.73470260e+01 -5.42795493e+01 -5.11564535e+01 -4.30721528e+01 -3.65113855e+01 -2.03632630e+01  1.45822100e+00  2.28041223e+01  3.56651352e+01  5.41658343e+01  6.47249291e+01  6.61263470e+01  5.30313562e+01  3.78175675e+01  1.47634214e+01 -6.18263293e+00 -3.59193741e+01 -5.79428797e+01 -7.24609687e+01 -8.14580363e+01 -8.28315567e+01 -7.40971002e+01 -5.15339648e+01 -3.68932005e+01 -1.48553068e+01  2.16945694e+00  1.38659897e+01  2.21863491e+01  1.71725107e+01  1.06150358e+01 -6.11699968e+00 -1.25871992e+01 -2.94903534e+01 -4.42342576e+01 -4.85970018e+01 -5.61289572e+01 -5.14468003e+01 -4.92319790e+01 -4.37979468e+01 -3.62220939e+01 -2.62022675e+01 -1.99606474e+01 -2.36362007e+01 -2.53945372e+01 -2.77772884e+01 -2.73485278e+01 -2.78215452e+01 -3.38648422e+01 -2.69289615e+01 -2.24650220e+01 -7.26056885e+00 -2.54296871e+00  1.28406600e+01  2.50187121e+01  3.05848581e+01  3.70418206e+01  4.22008925e+01  3.55789659e+01  2.77615898e+01  2.46667926e+01  1.99334042e+01  1.48913583e+01  1.67146502e+01  1.93385568e+01  2.86786743e+01  2.56304789e+01  3.06586712e+01  2.86443388e+01  2.30331002e+01  3.82101812e+00 -1.25056853e+01 -3.08906930e+01 -5.09944416e+01 -6.41940230e+01 -8.10517089e+01 -8.28794568e+01 -8.51958409e+01 -6.70751865e+01 -4.05571496e+01 -1.18959289e+01  2.34131189e+01  5.96235369e+01  8.30111783e+01  9.92696991e+01  1.07356629e+02  1.09431801e+02  9.51362748e+01  7.39778625e+01  4.62743003e+01  2.08653779e+01 -6.15093634e+00 -2.87545850e+01 -3.92360470e+01 -4.57753473e+01 -3.84717319e+01 -3.18079021e+01 -1.71026340e+01 -8.64761835e+00  9.48422154e+00  1.84618381e+01  2.41107887e+01  2.23357698e+01  2.97805348e+01  3.10344936e+01  2.62886562e+01  2.46803332e+01  2.34785054e+01  1.38746543e+01  1.19687357e+01  7.53376746e+00  5.33365746e+00 -4.69960798e+00 -1.87545077e+01 -3.00914320e+01 -3.95781917e+01 -5.17061657e+01 -6.18110116e+01 -5.56733302e+01 -5.56276152e+01 -4.47907389e+01 -2.26422651e+01  2.42972525e+00  3.08677083e+01  5.30431191e+01  7.65160450e+01  8.68297768e+01  9.21677647e+01  9.88886279e+01  7.69224070e+01  6.25905383e+01  3.29756879e+01  1.88060479e+01  1.95741948e+00 -8.67545069e+00 -1.42422175e+01 -1.30620822e+01 -1.27259871e+01  8.44348427e-01  9.49816815e+00  2.83437523e+01  3.91654873e+01  4.42753342e+01  4.04523418e+01  3.81323947e+01  2.93141492e+01  1.25596048e+01 -8.59793276e+00 -1.82432593e+01 -2.64380567e+01 -3.14380915e+01 -3.18224305e+01 -2.75252731e+01 -2.92605751e+01 -2.61426685e+01 -1.81630687e+01 -2.23258938e+01 -2.09188942e+01 -3.93518378e+01 -3.82840644e+01 -4.26538412e+01 -5.32880367e+01 -6.35433919e+01 -5.60011051e+01 -5.83532113e+01 -4.86797668e+01 -4.26300800e+01 -2.41255315e+01 -1.47933849e+01 -1.46051540e+01 -1.01626335e+01 -3.48582291e+00 -1.46055465e+01 -1.27308779e+01 -1.63218929e+01 -2.47215916e+01 -2.63799648e+01 -1.63819955e+01 -5.87801746e+00  8.78259851e+00  1.79014843e+01  3.45845788e+01  3.91717783e+01  4.27724259e+01  2.97034094e+01  1.90379718e+01 -7.15714090e+00 -3.70056290e+01 -6.86038129e+01 -9.42475605e+01 -1.10324745e+02 -1.22101291e+02 -1.26550876e+02 -1.15909684e+02 -9.72617587e+01 -6.26271960e+01 -3.00118343e+01  1.12236170e-01  2.67741723e+01  4.54318311e+01  5.72222694e+01  6.24050004e+01  4.89518961e+01  3.60213963e+01  2.11467843e+01 -3.77556129e+00 -1.90417595e+01 -3.44224327e+01 -4.82026325e+01 -4.95098110e+01 -4.62423321e+01 -3.96237429e+01 -3.49182310e+01 -2.34025036e+01 -1.77706356e+01 -1.04497933e+01 -2.75363851e+00  1.35277839e+01  1.19040360e+01  2.71785153e+01  3.84280862e+01  5.05832304e+01  6.80318020e+01  6.83671674e+01  7.95800818e+01  7.65376801e+01  7.03981958e+01  6.06605967e+01  4.38959592e+01  1.17368379e+01 -7.51317574e+00 -3.48482296e+01 -5.09357400e+01 -6.13814338e+01 -6.91268979e+01 -6.84184321e+01 -4.96954039e+01 -3.58388784e+01 -1.54224153e+01  9.77194290e+00  2.20112323e+01  3.84954899e+01  3.99107546e+01  4.18898631e+01  3.34510680e+01  1.67726356e+01  2.62895469e-01 -1.47357897e+01 -2.34377700e+01 -3.57192445e+01 -3.19545639e+01 -2.61256699e+01 -1.66203838e+01 -4.83394823e+00  1.66894795e+01  2.64183980e+01  4.00363605e+01  4.42172711e+01  4.81733830e+01  4.34594694e+01  3.64610312e+01  3.10262387e+01  2.64213296e+01  2.23332013e+01  2.17533242e+01  2.82885559e+01  3.24457174e+01  4.07834115e+01  5.05661911e+01  5.34423670e+01  5.82452049e+01  6.03748683e+01  4.45291430e+01  4.19028479e+01  2.75974198e+01  2.40998052e+01  1.48742582e+01  6.90482068e+00  1.42881022e+01  1.83596243e+01  1.79222750e+01  2.58553197e+01  2.53998694e+01  2.71420116e+01  2.91503423e+01  1.25180530e+01  4.48109826e+00 -6.36851654e+00 -2.07147347e+01 -3.48902391e+01 -3.63977966e+01 -2.29452027e+01 -2.36108370e+01 -2.51004647e+00  1.74196466e+01  4.48726411e+01  6.33606627e+01  7.36732710e+01  8.35294734e+01  8.46463420e+01  6.91301910e+01  4.49509758e+01  1.96387584e+01 -1.30647019e+01 -3.86372406e+01 -5.26490592e+01 -7.13070835e+01 -7.22893638e+01 -5.98190728e+01 -5.08168213e+01 -2.32624197e+01  2.39838306e+00  2.23528175e+01  5.11897311e+01  6.54801786e+01  7.84809170e+01  7.97842408e+01  6.92940163e+01  6.50847200e+01  4.71839037e+01  3.15325845e+01  1.54467547e+01  6.92866239e+00 -1.03667940e+01 -1.51859056e+01 -2.70607851e+01 -3.93764393e+01 -4.25424519e+01 -5.61513758e+01 -5.91148895e+01 -7.14876303e+01 -7.50513331e+01 -7.03963549e+01 -5.94977519e+01 -4.68939209e+01 -3.11650460e+01 -5.80569403e+00  1.17022417e+01  2.74327698e+01  4.26513358e+01  5.39062134e+01  5.49991639e+01  4.62722418e+01  3.45757134e+01  1.31314124e+01]
 [-2.98617126e+01 -3.48705459e+01 -3.82664726e+01 -3.51618951e+01 -3.23876379e+01 -2.92762903e+01 -2.92742857e+01 -2.42404223e+01 -1.59709216e+01 -5.87904885e+00  2.83129810e+00  8.52183287e+00  1.52471349e+01  1.28196436e+01  1.01883999e+01  3.95426280e+00 -8.52736518e+00 -1.55396989e+01 -3.35648283e+01 -4.09319097e+01 -4.76317157e+01 -4.70414818e+01 -4.64850368e+01 -3.96920600e+01 -2.68266120e+01 -1.58471001e+01  1.32667396e+01  2.78311138e+01  3.91751982e+01  5.23707213e+01  5.53722785e+01  4.89296524e+01  3.33018086e+01  1.65653932e+01 -2.35899522e+00 -3.07246381e+01 -5.00020425e+01 -7.13130481e+01 -7.60861439e+01 -8.07321225e+01 -7.92687744e+01 -7.16659503e+01 -4.95995169e+01 -2.76890116e+01 -6.55292520e+00  1.99436097e+01  4.26268447e+01  6.03420796e+01  7.52593129e+01  7.21406910e+01  7.97785918e+01  7.40099787e+01  6.28881424e+01  4.96383398e+01  3.31841577e+01  1.71322213e+01  8.05202442e+00 -8.50601209e+00 -1.33494645e+01 -2.19495656e+01 -2.32049242e+01 -2.12640432e+01 -1.40965775e+01 -1.18197803e+01  3.80345240e+00  1.17533500e+01  7.64395953e+00  2.29009606e+01  2.65019366e+01  1.55939874e+01  2.08017816e+01  2.34694490e+01  1.48995987e+01  1.25248598e+01 -3.10382913e-01 -1.56609312e+01 -2.65261006e+01 -3.26683232e+01 -3.83209108e+01 -4.66549025e+01 -5.25349201e+01 -5.60242711e+01 -5.78907608e+01 -5.34126626e+01 -4.70164582e+01 -3.90269523e+01 -3.31716238e+01 -2.38494506e+01 -1.14320489e+01 -2.95951079e+00  7.47927717e+00  1.68968522e+01  2.80777346e+01  3.20208004e+01  4.06886732e+01  4.43681648e+01  4.72341019e+01  4.46173764e+01  4.52521815e+01  4.12718731e+01  3.48619802e+01  2.96133598e+01  2.03037611e+01  7.60411862e+00  9.45475720e+00  2.96928195e+00  5.03364974e+00  9.39279350e+00  1.21748923e+01  8.81951954e+00  1.01602044e+01  1.93226995e+01  1.22134403e+01  1.18964511e+01  9.95021826e+00  7.03805516e+00 -1.08057531e+00 -6.23971225e+00 -1.53919413e+01 -1.47778373e+01 -1.57449941e+01 -1.19971712e+01 -7.61907532e-01  2.21208969e+00  1.95713233e+01  3.26298166e+01  4.29105998e+01  4.02610304e+01  4.66096648e+01  4.15778522e+01  3.49684573e+01  2.11966439e+01  7.90391778e+00 -1.29647781e+01 -2.49276028e+01 -3.37091102e+01 -3.89413608e+01 -3.51110252e+01 -2.92703450e+01 -9.69672721e+00  6.79513805e+00  3.38870306e+01  5.12915342e+01  7.49408269e+01  9.16602112e+01  1.03701693e+02  1.03824237e+02  8.96589954e+01  7.66914552e+01  5.67871755e+01  2.48042297e+01 -1.09498926e+00 -2.93154210e+01 -5.02234639e+01 -7.55054835e+01 -8.15331437e+01 -8.74417308e+01 -8.62439994e+01 -7.54685694e+01 -5.83139343e+01 -4.01080457e+01 -2.64196139e+01 -1.56755703e+01 -1.06322966e+00  1.67785802e+01  2.43596057e+01  2.09021349e+01  2.09944872e+01  1.28324311e+01  9.27319989e+00 -8.41514854e-01 -5.63693865e+00 -9.74558040e+00 -1.63691107e+01 -2.02527576e+01 -2.24969313e+01 -1.64957333e+01 -1.09110204e+01 -5.88571818e+00  1.70648915e+00  1.42641672e+01  1.73790313e+01  3.06526784e+01  3.65083892e+01  4.66682020e+01  5.07502727e+01  4.52423426e+01  3.96685907e+01  3.76669330e+01  2.86302628e+01  1.94968384e+01  1.38003503e+01 -1.28907963e+00 -2.01862250e+01 -2.77218284e+01 -3.91193183e+01 -5.61374944e+01 -6.68831417e+01 -7.53150960e+01 -8.31819788e+01 -8.64974139e+01 -8.08913236e+01 -8.29651287e+01 -7.72282935e+01 -7.33269336e+01 -6.66332897e+01 -5.85954138e+01 -4.27982346e+01 -3.18235027e+01 -2.37385342e+01 -1.13545690e+01 -7.31294638e+00 -4.51594017e+00  3.63529644e+00  4.39937506e+00  1.10580278e+01  8.95209886e+00  7.80516390e+00  9.82631441e+00  9.69385811e+00  1.40844567e+01  1.98845293e+01  2.65919418e+01  3.36835282e+01  3.71186553e+01  4.18259417e+01  4.38941580e+01  4.70650847e+01  4.25852814e+01  3.59177198e+01  2.98323731e+01  2.13265493e+01  8.30946469e+00  8.56359383e+00 -1.26147506e+00 -4.51065246e+00  1.38242444e+00  1.24858793e+01  1.94371234e+01  3.49377786e+01  4.12789580e+01  5.27235983e+01  5.17312999e+01  5.05543736e+01  4.37874490e+01  2.45437775e+01  8.73523937e+00 -1.79225825e+01 -4.24395039e+01 -6.76886082e+01 -8.50791016e+01 -9.84890254e+01 -9.97015092e+01 -1.03104813e+02 -8.24270218e+01 -6.82138109e+01 -3.79605460e+01 -1.35368359e+01  1.60212380e+01  3.78024735e+01  6.09152488e+01  7.62733124e+01  8.53120641e+01  8.06417080e+01  7.62454265e+01  7.03296108e+01  4.72063403e+01  3.32452552e+01  1.18825587e+01 -1.85675026e+00 -1.27007958e+01 -2.24046593e+01 -2.78254419e+01 -2.29860440e+01 -1.76940754e+01 -1.65172817e+01 -1.88454071e+00 -7.62817835e-02  6.49733324e+00  1.57770811e+01  1.72543429e+01  1.86443582e+01  8.85643453e+00  9.92504551e+00  1.83866628e+00 -7.80801562e+00 -2.07310057e+01 -3.60124109e+01 -4.46837032e+01 -4.51732623e+01 -4.70290882e+01 -5.45926232e+01 -5.37073768e+01 -5.37875636e+01 -4.04413781e+01 -3.52155148e+01 -1.95217610e+01 -7.24454099e+00  9.33262610e+00  2.95015470e+01  4.35410283e+01  5.23052453e+01  6.09511147e+01  7.53308707e+01  8.26420682e+01  9.37619928e+01  9.38845096e+01  9.35067074e+01  9.06127482e+01  8.97455530e+01  8.02981632e+01  6.99903506e+01  5.48229508e+01  3.88324378e+01  3.29664851e+01  2.10252679e+01  3.35299221e+00 -7.07590350e+00 -1.55450470e+01 -3.02116515e+01 -2.75318783e+01 -3.55122969e+01 -3.70682356e+01 -3.51371134e+01 -3.92050833e+01 -4.00362872e+01 -4.63422846e+01 -4.53734259e+01 -5.09239849e+01 -5.26800247e+01 -5.59590767e+01 -6.14937057e+01 -7.00141406e+01 -6.77491707e+01 -6.13338413e+01 -6.31265089e+01 -5.16642304e+01 -4.28279922e+01 -3.12821209e+01 -2.13205553e+01 -1.51910423e+01 -9.24214841e+00 -3.95645625e+00 -1.02793148e+01 -1.14952633e+01 -1.35771538e+01 -2.93636808e+01 -4.14298408e+01 -4.53766747e+01 -4.16115476e+01 -4.06399134e+01 -4.18004760e+01 -1.99950626e+01 -9.41461757e+00  1.66746180e+01  3.72902786e+01  5.21871707e+01  6.01120331e+01  6.61830327e+01  7.16302438e+01  5.56346836e+01  3.83137687e+01  2.52645127e+01 -8.68527534e+00 -3.40521749e+01 -6.16296219e+01 -7.31771797e+01 -8.72226584e+01 -9.70457883e+01 -9.51241109e+01 -8.60740676e+01 -6.77985377e+01 -4.73578164e+01 -2.21361832e+01  6.75306978e+00  3.06850927e+01  4.85494564e+01  6.28583131e+01  7.23724163e+01  7.31178644e+01  6.66917590e+01  6.04928034e+01  4.96415249e+01  3.74722622e+01  2.61455423e+01  1.50542125e+01  7.85020367e+00 -2.49478167e+00 -1.97244688e+00 -4.84572546e+00 -1.46202604e+00  6.10661591e+00  1.35259611e+01  2.15259332e+01  2.19853017e+01  3.85287659e+01  4.53668838e+01  3.96155120e+01  3.96103923e+01  3.80343125e+01  2.55897934e+01  2.47934876e+01  1.26217183e+01 -6.21164056e+00 -1.05587878e+01 -2.37341613e+01 -3.74476319e+01 -5.04484981e+01 -5.28141297e+01 -5.94165394e+01 -6.38118390e+01 -6.67544256e+01 -5.88518757e+01 -5.73728521e+01 -4.89277810e+01 -4.51260569e+01 -2.98051565e+01 -1.59138349e+01  3.51110306e-01  7.17048724e+00  1.88283386e+01  3.07887344e+01  3.63658001e+01  5.12458595e+01  5.13411779e+01  4.81458035e+01  6.54895221e+01  6.26624400e+01  5.30524819e+01  4.91745555e+01  4.59208156e+01  4.29445861e+01  3.23396534e+01  3.24402556e+01  3.16933844e+01  2.88478944e+01  2.88225349e+01  2.30399140e+01  2.39973426e+01  2.27950397e+01  1.96588692e+01  9.01171308e+00  6.62762276e+00  3.50136020e+00 -6.42125943e+00 -1.86355152e+01 -3.23280565e+01 -3.45319685e+01 -3.82349798e+01 -3.33647994e+01 -3.57769487e+01 -3.26919153e+01 -1.16863958e+01 -7.33064432e+00 -1.13145188e-01  1.34636185e+01  2.15133278e+01  2.70339830e+01  1.94803487e+01  1.72972475e+01  1.82237752e+00 -6.11483797e+00 -2.19268705e+01 -3.42940199e+01 -3.76632418e+01 -3.43103162e+01 -3.00406591e+01 -9.10825736e+00  6.15277227e+00  2.65198407e+01  5.65720546e+01  8.07722073e+01  9.40271880e+01  1.13862234e+02  1.16805274e+02  1.07556579e+02  9.91076724e+01  7.60821107e+01  5.54471061e+01  1.72314063e+01 -9.08391010e+00 -3.45500298e+01 -6.20356634e+01 -8.64351632e+01 -8.87648062e+01 -1.02794349e+02 -9.54212524e+01 -8.48324986e+01 -7.29109716e+01 -6.41187951e+01 -4.15210560e+01 -3.14043731e+01 -1.33600732e+01 -6.78899195e+00  6.18780925e+00  1.16695957e+01  9.27553565e+00  4.72181915e+00  8.25560025e+00 -7.81886711e-01 -5.82255667e+00 -1.05617401e+01 -4.90926214e+00 -3.35365574e+00 -1.06014781e+01  1.21116853e+00  5.32726863e+00  1.34323328e+01  2.25297240e+01  2.37265348e+01  3.58250329e+01  4.69438673e+01]
 [-1.65518135e+01 -1.78955455e+01 -9.91509183e+00 -6.84191954e+00  9.01598549e+00  1.93216444e+01  3.58440991e+01  4.35022248e+01  4.87917657e+01  4.92456582e+01  4.27907365e+01  3.58013238e+01  2.41117096e+01  3.59323650e+00 -5.47693831e+00 -6.49685142e+00 -1.47152537e+01 -1.31854318e+01 -6.09213107e+00 -4.40324827e+00  9.08801737e+00  1.77192445e+01  2.11320943e+01  1.14696382e+01  7.17600177e+00 -8.99252398e-01 -1.78146565e+01 -3.19919805e+01 -4.28164293e+01 -4.90736767e+01 -4.29093167e+01 -3.43098610e+01 -1.54995750e+01 -5.26976062e+00  2.00257984e+01  4.24049009e+01  5.18602922e+01  5.76459373e+01  5.66471018e+01  4.58862454e+01  3.04171594e+01  7.17167582e+00 -2.12804583e+01 -4.39329263e+01 -6.35329708e+01 -8.53578542e+01 -8.75510639e+01 -8.92591784e+01 -7.78952239e+01 -6.68859498e+01 -5.40067026e+01 -2.92997457e+01 -1.68057532e+01  3.43827790e+00  1.60041891e+01  2.77873523e+01  3.77867433e+01  4.30583121e+01  5.58239357e+01  6.36625111e+01  6.86697438e+01  8.57200861e+01  8.80357179e+01  9.36639241e+01  9.65557617e+01  8.65915145e+01  7.98116127e+01  6.23546464e+01  3.76484205e+01  2.00780211e+01 -8.52034839e+00 -2.71718246e+01 -5.80020173e+01 -7.56542412e+01 -8.09974979e+01 -8.51205944e+01 -7.95954566e+01 -7.43770728e+01 -6.11844365e+01 -5.45785488e+01 -3.46327664e+01 -2.87227142e+01 -1.22399832e+01 -9.46256481e+00 -1.98605211e+00  3.80268278e+00  7.94147887e+00  1.49346813e+01  1.59043195e+01  2.58407997e+01  2.59266900e+01  2.69647489e+01  2.45357981e+01  2.18867442e+01  1.14101253e+01 -1.22047958e+00 -2.00448897e+01 -3.22735838e+01 -4.28437333e+01 -4.53974152e+01 -5.60671758e+01 -4.59235132e+01 -3.97355310e+01 -2.52474921e+01 -5.09887024e+00  1.03853589e+01  3.21462850e+01  3.68622770e+01  4.05526783e+01  3.56051542e+01  3.02877452e+01  1.04964860e+01  1.91747434e+00 -1.19752385e+01 -2.19063152e+01 -3.00239696e+01 -2.93525127e+01 -2.87260288e+01 -1.69503192e+01 -6.38103676e+00  8.51548968e+00  1.78104736e+01  2.62985676e+01  2.52929673e+01  2.32780717e+01  1.69612353e+01  1.29161350e+01  7.66184608e-01 -5.45573723e+00 -1.12673048e+01 -1.23405672e+01 -7.89019204e+00  3.91710669e-01  1.17932337e+01  1.77288990e+01  2.21619077e+01  2.85978990e+01  2.30128020e+01  1.20472399e+01 -1.08629852e+00 -1.92505647e+01 -3.95970385e+01 -5.42009284e+01 -6.98741326e+01 -7.24667130e+01 -7.80580627e+01 -5.33721680e+01 -3.70918103e+01 -1.50213112e+01  1.41755349e+01  4.17367971e+01  6.40058072e+01  8.29177265e+01  8.49930552e+01  8.61199627e+01  7.06767565e+01  5.50625615e+01  4.26108462e+01  1.61074175e+01  4.02764287e+00 -1.35082683e+01 -2.68426136e+01 -3.04470445e+01 -3.05193975e+01 -4.30399681e+01 -4.86062727e+01 -4.80965924e+01 -5.13443152e+01 -4.87046735e+01 -5.79346248e+01 -5.33629035e+01 -5.34143821e+01 -5.19583838e+01 -4.04796854e+01 -2.52383802e+01 -2.94757656e+00  5.56046981e+00  3.12785155e+01  5.10437462e+01  6.62021367e+01  6.31084177e+01  7.63078201e+01  7.39805536e+01  6.24554052e+01  4.61921203e+01  2.67351620e+01  2.08285768e+01  7.20410113e+00 -3.63478128e+00 -2.01518084e+01 -1.52815604e+01 -2.17113922e+01 -2.07763744e+01 -2.01389822e+01 -1.95111616e+01 -1.31463321e+01 -2.21614016e+01 -1.51587296e+01 -1.71450442e+01 -9.12905181e+00 -1.12815764e+00  7.00898780e+00  9.12181821e+00  1.66675068e+01  3.73337587e+01  4.23754210e+01  3.94220438e+01  3.90010371e+01  3.09589425e+01  2.03970800e+01  4.82110477e+00 -9.35539472e+00 -2.34352217e+01 -3.70334464e+01 -3.83481264e+01 -4.88023807e+01 -4.59855526e+01 -3.33257980e+01 -1.83842104e+01 -5.00962604e+00  7.44302135e+00  2.31022869e+01  3.29431858e+01  3.08995737e+01  2.86225620e+01  2.21436900e+01  6.33104433e+00 -1.02943639e+01 -2.26649743e+01 -3.34025411e+01 -3.12187360e+01 -3.21796048e+01 -2.22430978e+01 -1.69246439e+01 -7.60187632e+00  4.18999665e+00  1.09943272e+01  1.31899129e+01  1.75025439e+01  6.77308221e+00  1.98326974e+00  1.16657727e+00 -1.09781786e+01 -1.02003404e+01 -5.15586409e+00  5.35623689e+00  2.17722914e+01  3.58182263e+01  5.67726172e+01  6.64097187e+01  7.52940905e+01  8.11098116e+01  6.80551362e+01  6.47983323e+01  3.48830599e+01  8.83668672e+00 -1.95621385e+01 -4.74289451e+01 -7.23000408e+01 -7.99713103e+01 -8.85681204e+01 -8.50575221e+01 -7.08466398e+01 -5.30577615e+01 -3.70652157e+01 -1.94930318e+01  1.92273391e+00  1.72328501e+01  2.36207470e+01  2.88886237e+01  3.53157510e+01  2.84205797e+01  2.28194925e+01  2.34434315e+01  1.65771660e+01  1.15360273e+01  8.98571262e+00  6.22545544e+00  8.05649610e+00  1.86297302e+00 -1.11184212e+01 -2.08975525e+01 -3.01201855e+01 -4.57743413e+01 -6.08757868e+01 -6.75518361e+01 -7.64598835e+01 -7.33708644e+01 -6.64139779e+01 -5.80683016e+01 -3.67390783e+01 -2.14672325e+01  8.29896480e+00  2.45092118e+01  4.23791929e+01  5.77400430e+01  6.29393346e+01  6.81773512e+01  6.03825908e+01  6.53770402e+01  6.46274317e+01  6.19089719e+01  5.97148205e+01  4.41905581e+01  3.47768529e+01  3.12851496e+01  2.19603066e+01  1.75277599e+01  7.19700518e+00 -3.47023264e+00 -1.73073836e+01 -2.57129663e+01 -3.23753936e+01 -4.03107859e+01 -4.75932088e+01 -4.40980770e+01 -3.38490280e+01 -2.19642709e+01 -4.98081293e+00  4.15277608e+00  1.69995106e+01  2.01506975e+01  2.38514910e+01  2.38821331e+01  7.90506579e+00 -6.81607595e+00 -1.94828566e+01 -3.15077028e+01 -3.68935564e+01 -4.91443244e+01 -4.06069142e+01 -4.00089194e+01 -2.28301122e+01 -6.82294109e+00  1.44103755e+01  2.70696472e+01  3.60697915e+01  4.12069606e+01  4.37547926e+01  3.76531380e+01  2.65765160e+01  1.46657650e+01  6.59858025e+00 -7.14373214e+00 -1.23699785e+01 -1.87095595e+01 -6.95077136e+00 -3.03425136e+00  5.40539235e+00  1.11021376e+01  1.10114865e+01  1.43111244e+01  6.79751104e+00  1.84660945e-01 -1.53056257e+01 -2.82315131e+01 -3.78590916e+01 -4.05773388e+01 -4.42375532e+01 -4.10852109e+01 -1.82987768e+01 -7.16698648e-01  2.67525739e+01  5.53651997e+01  7.25046076e+01  8.79637534e+01  9.07744056e+01  9.30469048e+01  8.03156975e+01  5.61429204e+01  3.07942766e+01  7.21283892e+00 -2.50601738e+01 -4.80400615e+01 -6.47392372e+01 -7.59533188e+01 -7.91351985e+01 -7.32729400e+01 -6.06668404e+01 -5.58272986e+01 -4.08730963e+01 -3.17194261e+01 -1.82211097e+01 -8.65848920e+00  4.60068102e+00  1.05101239e+01  2.01037384e+01  2.82547029e+01  4.21757326e+01  5.57556960e+01  6.63065722e+01  7.94745099e+01  8.14640104e+01  8.34230678e+01  8.29276053e+01  6.79481236e+01  5.26844601e+01  3.46790817e+01  3.70998686e-01 -1.95262661e+01 -3.74168592e+01 -5.82203169e+01 -7.73973985e+01 -8.10920980e+01 -8.98000378e+01 -8.23163561e+01 -7.62255802e+01 -6.80731657e+01 -5.42593305e+01 -4.63249283e+01 -3.54333791e+01 -2.30518267e+01 -1.82555306e+01 -7.74712407e+00 -1.38719092e+00  1.48593598e+01  1.77306939e+01  2.84485489e+01  4.05192316e+01  5.06254388e+01  4.59547004e+01  4.94894741e+01  4.55692595e+01  3.94720505e+01  2.53862508e+01  1.52624372e+01 -1.39417404e+00 -1.19350556e+01 -1.73752166e+01 -2.29718065e+01 -2.16728320e+01 -1.20545590e+01 -1.34049527e+00  8.43610414e+00  2.06451425e+01  2.80017526e+01  3.53495378e+01  3.29130351e+01  2.54864049e+01  6.41714798e+00 -6.02448333e+00 -2.27224978e+01 -3.55515256e+01 -4.39947182e+01 -5.67374189e+01 -5.09099367e+01 -3.78131479e+01 -3.28700530e+01 -1.55125647e+01 -1.07599657e+00  1.12925032e+01  1.94971651e+01  2.03820992e+01  1.81232174e+01  9.10214527e+00  3.48402451e+00 -1.10040707e+01 -1.75524557e+01 -1.56531579e+01 -2.20463437e+01 -1.21897122e+01 -1.17297940e+01  3.86207411e-03  8.18400058e+00  7.99400370e+00  1.34474150e+01  6.94004660e+00 -6.45515080e+00 -2.09009908e+01 -3.96428370e+01 -6.28636719e+01 -7.34335037e+01 -7.35424151e+01 -7.48719795e+01 -6.08276202e+01 -4.25147786e+01 -2.17842473e+01  1.72648937e+01  4.86213087e+01  7.17164878e+01  1.00282550e+02  1.09436342e+02  1.17325032e+02  1.14997057e+02  1.05582006e+02  8.90406036e+01  6.85231719e+01  4.84250326e+01  2.43039412e+01  8.17150176e+00 -4.28671886e+00 -1.61040975e+01 -3.05902068e+01 -3.06455259e+01 -3.93748386e+01 -5.34908335e+01 -5.36668080e+01 -6.67489309e+01 -7.88468098e+01 -7.43368513e+01 -7.47530810e+01 -6.91917234e+01 -5.54489299e+01 -3.68989052e+01 -1.97138260e+01  3.01677529e+00  2.17500492e+01  4.22111043e+01  5.56704525e+01  6.45531342e+01  6.96783135e+01  6.20923201e+01]
 [ 5.07550022e+01  6.06139931e+01  6.15744102e+01  5.95192546e+01  5.15573025e+01  3.84183640e+01  2.47656606e+01  1.12108718e+01 -2.66041809e+00 -5.53299093e+00 -9.76784067e+00 -8.40428297e+00 -1.54268901e+00  1.84013583e+00  4.48447783e+00  1.46548847e+00  2.60406196e+00 -3.55290790e+00 -1.72559597e+01 -2.72817418e+01 -3.95311274e+01 -4.49246957e+01 -4.61002914e+01 -3.61217714e+01 -2.49987701e+01 -1.06659485e+01  1.06618430e+01  3.80172742e+01  5.43811388e+01  6.38235011e+01  7.08388457e+01  7.12905564e+01  5.96449414e+01  5.10189074e+01  2.89594139e+01  1.26867130e+01 -2.45690269e+00 -9.38763022e+00 -1.01748916e+01 -9.44986718e+00 -1.19200655e+00  1.15367794e+01  2.30083694e+01  3.38350400e+01  4.15206826e+01  4.70696107e+01  3.74127701e+01  3.05810837e+01  1.72641001e+01  5.00149879e+00 -2.81292873e+00 -1.54756214e+01 -2.13946760e+01 -2.36215794e+01 -1.99261251e+01 -1.50782902e+01 -1.42613796e+01 -4.50140512e+00 -7.98203433e+00 -8.52761282e+00 -1.44737849e+01 -2.43665218e+01 -3.30877059e+01 -3.90523648e+01 -4.42990571e+01 -4.21632582e+01 -3.94696175e+01 -2.42964594e+01 -1.01267192e+01  2.26152718e+00  1.89649330e+01  2.86827139e+01  3.57840727e+01  4.06267288e+01  3.26328263e+01  1.83962107e+01  4.47481666e-01 -1.69990741e+01 -3.39261142e+01 -4.38754953e+01 -5.72345773e+01 -5.57734003e+01 -5.70292807e+01 -4.15429536e+01 -2.49861200e+01 -1.27265444e+01 -8.30394669e-02  9.17168072e+00  1.54785638e+01  1.15851313e+01  1.01145332e+01  2.96460868e+00 -3.97707555e+00 -8.68787969e+00 -1.11245638e+01 -9.34336873e+00 -8.32961886e-01  4.80781925e+00  1.25763758e+01  1.76051531e+01  2.31404306e+01  1.69205299e+01  1.13041539e+01  7.14589795e-01 -1.77465135e+01 -3.48471151e+01 -5.15532982e+01 -6.52976299e+01 -7.07177511e+01 -6.97033484e+01 -6.10558799e+01 -4.79613902e+01 -3.36881042e+01 -1.54895974e+01  1.44561488e+00  1.42364439e+01  2.76211233e+01  3.44292207e+01  3.25166534e+01  3.12770140e+01  2.59200806e+01  2.49596896e+01  1.72570828e+01  1.81761224e+01  2.25487654e+01  2.85750712e+01  2.94983214e+01  3.48570367e+01  3.61111618e+01  3.51455124e+01  2.73326769e+01  8.05385921e+00 -4.88128270e+00 -2.91852722e+01 -4.65267397e+01 -6.03979723e+01 -7.93352545e+01 -8.19851047e+01 -7.72426596e+01 -6.43513851e+01 -4.88649679e+01 -2.82132991e+01 -9.77105383e+00  7.82742325e+00  1.86063584e+01  3.03489891e+01  2.09256661e+01  1.73768036e+01  8.94212620e+00 -5.33958328e+00 -2.06338099e+01 -2.59210681e+01 -3.05571575e+01 -2.79049985e+01 -2.39249221e+01 -8.37815389e+00  2.38726260e+00  1.02065305e+01  1.91617734e+01  2.40369712e+01  2.29592726e+01  2.18882465e+01  1.18760961e+01  3.81375145e+00  2.57083086e+00  2.15601650e+00 -3.12112560e-01  6.13776038e+00  1.19323899e+01  2.08582069e+01  3.06131364e+01  3.58444992e+01  4.07407547e+01  3.80448912e+01  2.93000233e+01  1.99271046e+01  1.03603123e+01 -3.26106655e+00 -1.40150046e+01 -1.82032587e+01 -1.51459405e+01 -8.96228682e+00  5.16226549e+00  1.87273303e+01  3.78710306e+01  5.15040555e+01  6.33314739e+01  6.43547062e+01  6.39697360e+01  5.33336353e+01  3.51293200e+01  1.95970770e+01 -1.14054711e+00 -1.97571381e+01 -3.44311677e+01 -3.86613815e+01 -3.84386219e+01 -3.69434036e+01 -2.47628589e+01 -2.36392745e+01 -1.30390611e+01 -5.76975914e+00 -4.85814870e+00 -4.04071719e+00 -1.10260935e+01 -1.34754446e+01 -1.78891944e+01 -1.79082203e+01 -2.13722168e+01 -1.51245151e+01 -3.22837499e+00  6.06978545e+00  2.18752429e+01  3.17530018e+01  4.01085997e+01  4.61000761e+01  4.39239998e+01  3.66949112e+01  2.17423965e+01  3.50757834e+00 -1.48282448e+01 -3.15598589e+01 -4.43319227e+01 -5.31506708e+01 -5.78373261e+01 -5.21916820e+01 -4.33816126e+01 -2.98044682e+01 -1.67464687e+01 -4.89207325e+00  1.75679995e+00  6.26279178e+00  3.45812848e+00  7.83029366e+00  1.69078887e+00  4.13717089e+00  6.38781493e+00  1.55109072e+01  2.23514267e+01  3.37133263e+01  4.56337283e+01  5.82539652e+01  7.09303501e+01  7.09709910e+01  7.37671871e+01  6.07392604e+01  4.14575589e+01  2.01462654e+01 -5.89690132e+00 -2.68373233e+01 -4.43499316e+01 -5.68865105e+01 -6.23574622e+01 -6.23789714e+01 -5.39243467e+01 -3.90111245e+01 -1.86853912e+01 -5.76689982e+00  7.03011262e+00  1.95634215e+01  1.84722749e+01  1.76786645e+01  9.64652227e+00 -6.14258708e-01 -8.79344291e+00 -1.41917763e+01 -2.19524163e+01 -1.98794982e+01 -1.71640480e+01 -9.45561608e+00 -3.10498566e+00  1.41823471e+00  7.95431256e+00  8.84520163e+00  4.94077543e+00  7.86448963e-01 -8.18350561e+00 -1.93480790e+01 -2.54618949e+01 -2.98222665e+01 -2.76899089e+01 -2.11839669e+01 -1.46095073e+01 -3.34353593e+00  1.09843280e+01  1.77197379e+01  2.48212860e+01  2.57551539e+01  1.98252896e+01  8.18880044e+00 -7.80581269e+00 -2.05274518e+01 -3.70008743e+01 -4.26365715e+01 -4.77844888e+01 -4.82575441e+01 -3.38606055e+01 -1.80098314e+01  2.99891586e+00  1.75082229e+01  3.23692389e+01  3.77888182e+01  4.33448864e+01  4.22802523e+01  3.85261026e+01  2.79431180e+01  1.79031748e+01  2.63654861e+00 -5.52306983e+00 -1.09041780e+01 -7.77264406e+00 -6.13369314e+00 -6.43737249e-01  7.29980791e+00  1.82404861e+01  1.76686043e+01  1.94142084e+01  9.80632440e+00  2.68305356e+00 -7.27493427e+00 -1.75374793e+01 -2.32386138e+01 -2.93979758e+01 -2.60398314e+01 -1.75459824e+01 -1.96034107e+00  1.21080673e+01  2.56997634e+01  4.05929732e+01  5.47217540e+01  5.40922613e+01  5.39701014e+01  4.41874153e+01  3.10414746e+01  1.05874965e+01 -7.08696201e+00 -1.89081054e+01 -2.92141924e+01 -3.95846936e+01 -3.49220527e+01 -3.52287329e+01 -3.47551671e+01 -2.24153427e+01 -1.69649475e+01 -1.88487232e+01 -1.83501114e+01 -2.38977948e+01 -3.05691508e+01 -3.72486767e+01 -3.97893606e+01 -3.96731424e+01 -3.25389757e+01 -2.36850524e+01 -5.74461715e+00  1.75694395e+01  4.16308053e+01  6.52693801e+01  7.52958943e+01  8.54770998e+01  8.87783311e+01  8.28938017e+01  6.91436922e+01  4.56521940e+01  2.50501913e+01  7.17430406e+00 -7.74892842e+00 -1.92144307e+01 -1.96719226e+01 -1.69209755e+01 -5.56032585e+00  2.82318707e+00  1.62611484e+01  2.81898100e+01  3.44961078e+01  3.72633699e+01  3.48350527e+01  3.14934317e+01  1.91861998e+01  1.03122349e+01  3.14564526e+00 -1.02823505e+00 -2.72504726e+00  3.12316965e+00  3.95961987e+00  5.35915167e+00  1.70964812e+01  1.54661116e+01  7.92816746e+00  1.83815909e+00 -1.19767945e+01 -1.97102315e+01 -3.62298434e+01 -4.69693608e+01 -5.21160136e+01 -5.32791645e+01 -4.74704822e+01 -3.11823991e+01 -1.89301427e+01 -1.19897489e+00  1.36941955e+01  2.18979229e+01  3.02772584e+01  3.14333084e+01  2.07246210e+01  1.32584602e+01 -8.87178410e-01 -1.82601927e+01 -2.78598023e+01 -3.86977057e+01 -4.10281859e+01 -4.00891077e+01 -2.95646628e+01 -1.38097264e+01 -1.94301204e+00  1.47143008e+01  2.03786598e+01  2.66851643e+01  2.73627322e+01  2.33095941e+01  1.48548266e+01  8.28327105e+00 -2.75973652e+00 -7.74511227e+00 -1.33967513e+01 -1.01014326e+01 -4.52238806e+00  1.89363690e+00  1.17952925e+01  2.00727121e+01  2.24939219e+01  2.16372803e+01  1.51134596e+01  2.55704397e+00 -1.29300161e+01 -2.78881763e+01 -4.21040409e+01 -4.95792346e+01 -5.48350311e+01 -5.58140226e+01 -4.15408799e+01 -2.86538339e+01 -1.32478815e+01  1.54405625e+00  1.43003070e+01  2.73751993e+01  2.88475029e+01  2.02867627e+01  2.19418215e+01  1.23650300e+01  6.63591264e+00 -3.58657544e+00 -1.38751616e+01 -1.23209506e+01 -9.00454251e+00 -5.29488600e+00  1.41137127e+00  8.57949020e+00  1.24945436e+01  4.75484402e+00  3.71679215e+00 -1.02467331e+01 -2.57077696e+01 -4.33580997e+01 -5.94023690e+01 -6.51350496e+01 -7.43004936e+01 -7.54695841e+01 -6.26066128e+01 -4.42078675e+01 -2.69362970e+01 -3.50740509e+00  1.24994704e+01  2.37144250e+01  3.43306499e+01  3.05584138e+01  1.98256822e+01  1.32404869e+01 -4.45301955e+00 -1.86590233e+01 -3.00739309e+01 -4.14176735e+01 -4.61394835e+01 -4.53613018e+01 -3.62344939e+01 -2.53556765e+01 -1.76875984e+01 -1.70902289e+00  7.94274449e+00  1.10155691e+01  1.25823612e+01  1.19799358e+01  5.41275951e+00  2.34583118e+00  3.17863091e+00  3.47661813e+00  1.16627519e+01  1.86821328e+01  3.12992940e+01  4.27889283e+01  4.79874821e+01  5.22006226e+01  4.94155867e+01  4.40633051e+01  2.87547018e+01  1.62644361e+01  2.93389576e+00 -1.16424183e+01 -2.52986219e+01 -3.07611021e+01 -2.73276641e+01 -1.96502027e+01 -9.32046056e+00]
 [-4.14976683e+01 -3.41070914e+01 -3.39277952e+01 -2.43463713e+01 -1.04607853e+01  7.11772487e+00  1.21866816e+01  2.09634304e+01  3.30986335e+01  3.88356676e+01  3.86298913e+01  4.43625567e+01  4.13092134e+01  3.29466229e+01  2.40839186e+01  1.05568820e+01  1.37573595e+00 -1.33868287e+01 -2.86746278e+01 -4.54115434e+01 -5.46461095e+01 -6.13662726e+01 -6.26781439e+01 -6.56276104e+01 -6.38841769e+01 -5.71397945e+01 -4.89690174e+01 -3.81133222e+01 -2.66806880e+01 -1.93414795e+01  4.29071891e+00  1.53636687e+01  3.19006867e+01  3.31123873e+01  4.55238956e+01  6.05769569e+01  5.24009375e+01  5.55244485e+01  5.16455510e+01  4.71879220e+01  3.82670237e+01  3.04051755e+01  1.24599768e+01  4.63869152e+00 -1.00327488e+01 -2.48394303e+01 -3.39308014e+01 -4.45767276e+01 -4.62126412e+01 -4.48548185e+01 -4.43147823e+01 -2.60687063e+01 -2.45042567e+01 -1.25461002e+01 -1.00139371e+00  1.09001426e+01  1.74955020e+01  2.02945297e+01  1.70831680e+01  1.55733274e+01  5.90331457e+00  8.71564959e+00  4.86111182e+00  4.46612146e+00  5.28228438e+00  1.10906140e+01  1.05253680e+01  1.93110903e+01  2.33720298e+01  3.03039983e+01  2.05421600e+01  1.69960103e+01 -4.25610842e+00 -2.18105313e+01 -3.79588565e+01 -6.98304758e+01 -8.91714687e+01 -1.05331383e+02 -1.16214207e+02 -1.15134265e+02 -1.00599327e+02 -8.94578447e+01 -5.32246633e+01 -2.21796231e+01  1.89518964e+01  5.33707205e+01  8.76932275e+01  1.08272169e+02  1.16468873e+02  1.10943499e+02  8.87316732e+01  7.48881808e+01  3.76385390e+01  6.73075380e+00 -2.63945260e+01 -5.30653920e+01 -7.12185705e+01 -8.48045365e+01 -7.92368061e+01 -7.25716796e+01 -5.74367475e+01 -2.49746048e+01 -8.08652923e+00  1.90662015e+01  4.36587772e+01  6.16326686e+01  7.98338659e+01  7.59314458e+01  7.34990658e+01  6.66869344e+01  6.23290989e+01  4.06001338e+01  2.98401497e+01  1.61545173e+01  9.45355793e+00 -4.44560029e-01 -4.34519655e+00 -5.49152201e+00 -3.24799660e+00  1.27757126e+00  1.58883154e+01  2.30432390e+01  3.51359152e+01  3.67451784e+01  4.16024679e+01  5.77644973e+01  6.16076228e+01  6.42210219e+01  6.64699154e+01  6.20178778e+01  4.54034041e+01  3.02981125e+01  2.30797472e+01  3.65827754e+00 -1.10172565e+01 -3.46312615e+01 -4.91878735e+01 -6.51832371e+01 -7.74468801e+01 -8.36809974e+01 -9.33071579e+01 -9.29923639e+01 -9.32140909e+01 -8.36362908e+01 -8.09746596e+01 -7.00150575e+01 -4.85464338e+01 -3.55581435e+01 -1.80568168e+01  5.32077158e+00  1.57450193e+01  4.07573447e+01  5.85285983e+01  6.25736012e+01  7.68354086e+01  8.19074730e+01  7.74826380e+01  7.16561682e+01  5.83909539e+01  4.99868169e+01  3.82092020e+01  2.36699421e+01  9.70939457e+00  6.90368435e+00 -8.46010823e+00 -1.23689951e+01 -1.29010167e+01 -9.37967246e+00  3.33138530e-01 -9.18457263e+00 -1.50139148e+00 -5.89208353e+00 -1.55812254e+01 -1.55253238e+01 -2.35143560e+01 -2.54763177e+01 -3.89286227e+01 -3.86231672e+01 -3.19050763e+01 -1.71962147e+01 -1.23266073e+01  1.96682167e+01  4.32102839e+01  5.47683362e+01  6.44971131e+01  6.68919243e+01  7.66994885e+01  6.57812527e+01  4.52750366e+01  1.20977645e+01 -1.31627995e+01 -4.56946353e+01 -7.74055313e+01 -9.25425151e+01 -1.09027757e+02 -1.03170796e+02 -1.00346736e+02 -6.41092224e+01 -4.07718563e+01 -7.05746235e+00  2.85740923e+01  6.34296680e+01  7.57020035e+01  9.29782116e+01  9.78066428e+01  8.90185144e+01  6.10140035e+01  3.62251941e+01  1.17509022e+00 -3.15455328e+01 -5.57919046e+01 -8.21916720e+01 -9.87203490e+01 -1.09184850e+02 -1.08206819e+02 -1.03077816e+02 -9.36536915e+01 -7.29509269e+01 -5.75312701e+01 -3.69516599e+01 -2.35434322e+01 -4.48713789e+00  8.25801244e+00  1.00742402e+01  6.56775347e+00  1.06848291e+01  3.41958058e+00 -3.38307014e+00 -8.54123415e+00 -1.66522901e+01 -1.19897105e+01 -2.11456556e+01 -2.51397593e+01 -2.45869951e+01 -2.10249893e+01 -1.59219970e+01 -1.23275314e+01  4.39968478e+00  2.32909668e+01  2.59492703e+01  3.97178448e+01  5.64681814e+01  6.70538401e+01  7.96989476e+01  8.83456927e+01  9.20426655e+01  9.47193942e+01  8.82671615e+01  8.43357175e+01  6.92083679e+01  6.30673937e+01  5.65371323e+01  3.65491711e+01  3.04666702e+01  7.05547352e+00 -6.90347956e+00 -2.13086513e+01 -4.27428568e+01 -5.31249393e+01 -4.87609135e+01 -5.74980839e+01 -5.86143572e+01 -5.56181945e+01 -4.96760787e+01 -4.31601420e+01 -3.37119886e+01 -2.05519820e+01 -5.75267257e+00  5.47409616e+00  1.70487758e+01  2.74227680e+01  1.83041355e+01  1.48978552e+01  1.54794357e+01  5.63536962e+00  9.69572645e-01 -1.05544132e+01 -1.30742316e+01 -1.31722441e+01 -1.74713314e+01 -1.26367995e+01 -3.30002500e+00  3.56006760e+00  9.38746962e-01  9.29052696e+00  2.66709167e+00  3.39196238e+00  1.97566679e-01 -1.32305390e+01 -2.91268229e+01 -3.51180055e+01 -3.96052779e+01 -3.24882126e+01 -2.35684887e+01 -9.48495612e+00  5.88652804e+00  3.67613652e+01  6.06108149e+01  8.63039732e+01  1.11408296e+02  1.26413954e+02  1.24632530e+02  1.23475143e+02  9.23371252e+01  6.53509645e+01  2.48636124e+01 -8.95302756e+00 -5.14004343e+01 -7.64633084e+01 -1.01952417e+02 -1.11930423e+02 -1.08492789e+02 -9.19895601e+01 -7.09338120e+01 -4.59435608e+01 -1.77805768e+01  1.92708556e+01  4.99795100e+01  6.78211606e+01  7.82792834e+01  8.52386986e+01  7.30861354e+01  5.40528611e+01  4.03919721e+01  6.98272570e+00 -4.38936388e+00 -3.00064153e+01 -4.99676887e+01 -6.21790439e+01 -6.77427330e+01 -6.91972791e+01 -6.42062999e+01 -5.88146607e+01 -4.69530506e+01 -3.90647506e+01 -3.03780512e+01 -1.86344072e+01 -9.84396737e+00 -4.51554367e+00  9.14193942e+00  2.62984486e+00 -2.11347141e+00  7.62459441e+00 -4.95952114e+00 -1.08630053e+01 -1.94761927e+01 -2.18014181e+01 -3.11325491e+01 -4.15424715e+01 -4.52846320e+01 -5.08920367e+01 -4.34968038e+01 -5.09584026e+01 -3.62641691e+01 -3.34771544e+01 -2.04818945e+01 -7.11762533e+00  2.19331239e+00  7.53652175e+00  1.48628257e+01  4.09387439e+01  4.74877787e+01  4.40239168e+01  6.12383680e+01  5.41250507e+01  5.77097573e+01  4.96558296e+01  5.09124400e+01  3.95625436e+01  2.88254978e+01  1.44649902e+01  5.12224572e-01 -1.13894305e+01 -2.29609349e+01 -3.89523156e+01 -5.04565070e+01 -5.95330838e+01 -5.40040070e+01 -5.08797718e+01 -4.61827978e+01 -3.39346240e+01 -2.32729598e+01 -2.73995079e+00  1.30109805e+01  2.24376704e+01  3.78524681e+01  3.58391772e+01  3.17445330e+01  3.41850098e+01  2.86842600e+01  2.76884640e+01  2.36666821e+01  1.68840697e+01  2.04069689e+01  2.86338632e+01  2.44455810e+01  3.56244336e+01  3.55153252e+01  3.04562818e+01  2.57238102e+01  1.91960291e+01  2.08216400e+00 -2.35659053e+01 -5.63995416e+01 -8.19041735e+01 -9.49974558e+01 -1.18422396e+02 -1.23427427e+02 -1.15464822e+02 -1.04778860e+02 -7.92549163e+01 -4.93171272e+01 -1.27339920e+01  2.68115233e+01  6.60574833e+01  9.61696892e+01  1.16740084e+02  1.19366068e+02  1.14431745e+02  1.02429789e+02  7.42169190e+01  4.87558966e+01  1.63861332e+01 -1.18257396e+01 -3.46114012e+01 -5.18096236e+01 -6.01185483e+01 -4.87015585e+01 -3.46249470e+01 -1.64509535e+01  5.35301465e+00  3.65376168e+01  5.48052948e+01  7.28448112e+01  8.85497225e+01  9.56432377e+01  9.29826237e+01  8.91935876e+01  7.67342120e+01  5.68940034e+01  4.47647373e+01  2.73697450e+01  8.31085794e+00 -3.77938838e+00 -1.57297510e+01 -2.60741109e+01 -2.68253374e+01 -3.28140832e+01 -2.78793396e+01 -2.40687309e+01 -1.12549844e+01 -8.19066309e+00  3.10970654e+00  8.60318936e+00  1.37326580e+01  2.64393644e+01  2.27862513e+01  2.21927715e+01  2.57745426e+01  2.30309053e+01  1.48813040e+01 -3.06399060e+00 -9.36376820e+00 -2.26015889e+01 -3.62083584e+01 -4.74897707e+01 -5.72251879e+01 -6.47582549e+01 -6.43427809e+01 -6.86167398e+01 -7.61703471e+01 -6.93970330e+01 -6.59792913e+01 -5.88421150e+01 -4.56357904e+01 -4.13937126e+01 -2.30114177e+01 -7.93790650e+00  8.34695919e+00  2.26028615e+01  4.01251487e+01  4.47481588e+01  5.54380965e+01  5.86389011e+01  6.40126457e+01  5.78120484e+01  4.74569533e+01  4.41289445e+01  2.83527259e+01  1.30960216e+01  3.05824003e+00 -1.07375636e+01 -1.72219093e+01 -1.48026488e+01 -1.35983316e+01 -1.77335012e+01 -6.75355007e+00 -3.21932235e+00 -6.79895876e+00 -1.45180636e+00 -3.51154418e+00 -9.20424527e+00 -1.21366756e+01 -2.14942316e+01 -2.71034415e+01 -3.10084905e+01 -2.82350610e+01 -2.03644960e+01 -1.04787126e+01  1.28831263e+01  3.19114590e+01  4.63654584e+01]
 [-4.61257976e+01 -4.94368641e+01 -4.04809662e+01 -2.48682750e+01  2.20369452e+00  2.55831345e+01  4.74622780e+01  6.29728538e+01  7.49541303e+01  6.66730644e+01  5.57115033e+01  3.47612098e+01  6.72636429e+00 -2.45337920e+01 -5.01996948e+01 -6.50323457e+01 -7.85710562e+01 -6.65881549e+01 -5.95185127e+01 -3.73421294e+01 -8.88736360e+00  9.48915978e+00  2.93344736e+01  3.77089597e+01  4.40831668e+01  3.09857545e+01  1.69529256e+01 -5.38876300e+00 -2.16145338e+01 -2.90229330e+01 -3.18839764e+01 -2.78623832e+01 -1.34655251e+01 -1.50112712e+00  2.13799039e+01  4.14944200e+01  4.96221319e+01  5.08737207e+01  4.65789915e+01  2.67901521e+01  5.39350431e+00 -1.93750720e+01 -4.83106811e+01 -6.66359250e+01 -7.76730154e+01 -8.90983728e+01 -6.93703956e+01 -5.51606783e+01 -2.40750683e+01  3.49875299e+00  2.47866840e+01  5.14430522e+01  6.22562600e+01  6.50747675e+01  5.14100772e+01  3.33675625e+01  2.04020876e+01 -4.81797308e+00 -1.76529303e+01 -3.09145546e+01 -3.78265381e+01 -2.33822741e+01 -9.84565951e+00 -3.53026361e-01  2.67013800e+01  3.68743777e+01  4.64525022e+01  4.96610045e+01  4.03307937e+01  3.32232690e+01  1.58139805e+01  1.99703706e+00 -1.84750277e+01 -3.19998609e+01 -4.14340670e+01 -4.83110737e+01 -4.33638101e+01 -3.77808036e+01 -2.74328612e+01 -2.27824290e+01 -7.67596464e+00 -6.09076131e+00  7.14300322e+00  3.95375029e+00  8.05358297e+00  1.21568882e+01  1.48965996e+01  2.43174931e+01  3.10546505e+01  4.61012163e+01  4.73283377e+01  5.16669133e+01  5.08800201e+01  4.42932506e+01  2.70578841e+01  4.34871874e+00 -2.10758639e+01 -5.02701103e+01 -6.69749670e+01 -8.00058965e+01 -9.16544163e+01 -8.36865783e+01 -6.44416335e+01 -4.58820546e+01 -9.14097376e+00  1.86814586e+01  5.10633154e+01  6.59091376e+01  6.87653319e+01  6.45523233e+01  4.64656608e+01  1.96783635e+01 -2.98534039e+00 -2.93501300e+01 -4.79410355e+01 -5.85828771e+01 -6.36388569e+01 -5.31899454e+01 -2.69484314e+01 -3.91391821e+00  2.75123930e+01  4.93285351e+01  7.26521759e+01  7.14148769e+01  7.00779822e+01  5.53986377e+01  4.09305366e+01  9.63602155e+00 -7.12976455e+00 -3.06703589e+01 -4.06501529e+01 -4.01711111e+01 -3.29895353e+01 -1.81989625e+01 -1.34273419e-01  1.02421524e+01  2.84165606e+01  3.13765819e+01  2.24667866e+01  1.77132760e+01 -9.08092043e+00 -2.83694128e+01 -4.79625597e+01 -5.99362224e+01 -6.32555752e+01 -6.47645301e+01 -4.30904541e+01 -2.36436194e+01 -6.44339692e+00  2.16447619e+01  4.47831498e+01  6.06780321e+01  6.71702383e+01  5.97481053e+01  4.13071992e+01  1.89656788e+01 -1.12468065e+01 -2.64531973e+01 -4.61377780e+01 -4.66668825e+01 -4.47212948e+01 -3.47207441e+01 -9.84720044e+00  1.32375932e+01  3.11814729e+01  4.37061921e+01  5.37547563e+01  5.46311455e+01  4.85681138e+01  2.31965337e+01  7.73010076e+00 -1.59334465e+01 -3.85131896e+01 -5.29202528e+01 -5.71156050e+01 -5.76683156e+01 -6.00980618e+01 -4.04836750e+01 -2.18509980e+01 -1.33505896e+00  6.04800847e+00  2.38838341e+01  3.05427729e+01  2.78142288e+01  2.16851197e+01  1.37452057e+01  1.18500546e+01  8.53807311e+00  2.21704131e+00 -3.89013612e+00  2.77330059e+00  5.08422823e+00  6.41627901e+00  9.09866115e+00  7.80507407e+00  5.67857981e+00 -9.42326399e+00 -7.59525205e+00 -1.62633786e+01 -1.11215418e+01 -8.87245964e+00  5.05552427e+00  6.45407135e+00  1.99162102e+01  4.67432947e+01  5.68950740e+01  5.96888762e+01  5.82386419e+01  4.49672550e+01  2.47094829e+01 -3.90996864e+00 -2.58251710e+01 -5.55435685e+01 -7.98071673e+01 -8.59837253e+01 -9.02172565e+01 -8.47502668e+01 -6.27220961e+01 -3.10528708e+01  3.76906544e+00  3.29825515e+01  5.77308496e+01  7.52027574e+01  7.46390112e+01  6.52563275e+01  4.89542676e+01  2.07913753e+01 -1.12165100e+01 -3.69795367e+01 -5.59425113e+01 -6.26829232e+01 -6.13727245e+01 -4.45038210e+01 -2.91633363e+01 -3.31999264e+00  1.58306414e+01  3.35364690e+01  4.32538654e+01  5.11600442e+01  4.04487520e+01  2.81700747e+01  8.42170061e+00 -1.32961040e+01 -2.60337660e+01 -3.17196317e+01 -2.98878661e+01 -1.69491084e+01 -3.41665995e+00  2.20965037e+01  3.16677689e+01  4.76464248e+01  6.17283124e+01  5.16359350e+01  4.49875388e+01  2.83572013e+01 -9.41321684e-01 -2.42011408e+01 -4.57461116e+01 -6.21089382e+01 -6.26747525e+01 -5.52756036e+01 -4.24097209e+01 -2.05447736e+01  4.91329308e+00  1.94147986e+01  3.71280303e+01  4.74387437e+01  4.75305918e+01  3.26771113e+01  1.79139461e+01  2.47617932e-01 -2.65117620e+01 -4.58873340e+01 -5.14525386e+01 -5.75175049e+01 -4.67810701e+01 -2.71207249e+01 -5.65102719e+00  1.89125089e+01  4.32780815e+01  5.35496137e+01  5.93891207e+01  5.93598169e+01  5.10575796e+01  2.85563445e+01  7.30310317e+00 -1.35362513e+01 -2.99454576e+01 -4.37477564e+01 -4.99812743e+01 -4.18606718e+01 -4.23525975e+01 -2.18048232e+01 -1.68165737e+01 -1.49438330e+00  2.97230212e+00  1.30298461e+01  1.10577017e+01  8.19263110e+00  1.19229639e+01  1.02913260e+01  1.70787649e+01  1.71665558e+01  1.56265332e+01  1.89316165e+01  2.28969704e+01  2.31518416e+01  2.21100771e+01  1.50579784e+01  3.35189138e+00 -1.27467319e+01 -2.96615080e+01 -3.53023988e+01 -4.84487417e+01 -5.04896708e+01 -4.19617780e+01 -2.76887117e+01 -3.93833970e+00  2.29424287e+01  3.98515709e+01  6.56447381e+01  6.76340401e+01  7.02884001e+01  6.21686541e+01  3.10257720e+01  9.57773285e+00 -2.60154664e+01 -5.27219774e+01 -7.08937434e+01 -8.59432362e+01 -7.92784267e+01 -6.93712737e+01 -4.54219806e+01 -1.70096831e+01  2.42442168e+01  4.51524323e+01  6.75519442e+01  7.40708477e+01  7.09318096e+01  5.79115154e+01  3.29573325e+01  9.88541023e+00 -1.54407043e+01 -3.96476282e+01 -5.27731841e+01 -6.24159276e+01 -4.94553676e+01 -3.21691615e+01 -1.86742344e+01  3.44491863e+00  1.77337774e+01  3.55004614e+01  3.14877775e+01  3.34780432e+01  1.73468215e+01  1.59270500e+00 -1.98246043e+01 -2.61228796e+01 -3.61192769e+01 -3.63089449e+01 -1.92542446e+01 -5.85027344e-01  2.24832538e+01  4.61031912e+01  6.32821503e+01  7.47361679e+01  7.79153184e+01  6.66244883e+01  4.32783229e+01  1.51092866e+01 -9.90975723e+00 -4.02424302e+01 -6.26892865e+01 -7.86271460e+01 -7.94741478e+01 -6.80085595e+01 -5.57272204e+01 -2.71204027e+01 -4.68750251e+00  1.31741459e+01  2.61873560e+01  3.12127199e+01  2.52441212e+01  1.67768329e+01  5.69040914e+00 -1.62215691e+01 -3.32090159e+01 -3.99810777e+01 -4.14447165e+01 -3.61708841e+01 -1.88193944e+01  3.55698273e+00  2.69583862e+01  4.94550579e+01  6.57596419e+01  7.26977768e+01  7.50498477e+01  6.71360096e+01  4.80025190e+01  3.22397327e+01  1.35853954e+01 -2.97117106e+00 -2.71329388e+01 -3.73854260e+01 -5.09885194e+01 -5.07895512e+01 -5.26418146e+01 -5.16527010e+01 -4.23105544e+01 -4.02114512e+01 -3.92106448e+01 -3.75364280e+01 -3.63701716e+01 -2.81821381e+01 -2.39392632e+01 -7.80371677e+00  7.47314890e+00  2.17664351e+01  4.11175638e+01  6.02147002e+01  6.33901962e+01  6.86479810e+01  6.47054533e+01  5.58674766e+01  3.67849247e+01  1.12196346e+01 -8.79465498e+00 -2.65763024e+01 -4.08094361e+01 -4.69188496e+01 -4.19940905e+01 -2.07962133e+01 -1.98259076e+00  2.02071619e+01  4.38560871e+01  5.70513065e+01  6.57133173e+01  5.93494318e+01  4.12250222e+01  1.56209119e+01 -1.51112202e+01 -4.67549525e+01 -7.15544852e+01 -8.61195453e+01 -9.23746118e+01 -8.83634242e+01 -5.97744079e+01 -4.30016566e+01 -9.04182655e+00  2.50012402e+01  5.00968574e+01  6.74270756e+01  8.08406398e+01  7.06770300e+01  5.40900022e+01  3.56171763e+01  1.03062176e+01 -9.89514203e+00 -2.61836599e+01 -3.11959784e+01 -3.08048397e+01 -2.30704484e+01 -1.05265543e+01  5.16420352e+00  1.10400711e+01  2.51572014e+01  2.54190458e+01  1.51013611e+01 -1.82072685e+00 -2.38914490e+01 -4.35716745e+01 -5.91265108e+01 -6.47052805e+01 -6.52158519e+01 -4.96470250e+01 -3.03677618e+01 -8.25582056e+00  2.89764170e+01  5.61794976e+01  7.62314962e+01  9.00376456e+01  8.80519838e+01  8.08384830e+01  5.34613569e+01  3.83139192e+01  1.07209823e+01 -1.55499586e+01 -3.08968148e+01 -4.20797983e+01 -4.70842166e+01 -3.00495477e+01 -1.77858078e+01  1.67299394e+00  2.39967423e+01  3.07862238e+01  2.93444852e+01  3.16196835e+01  1.03603647e+01 -1.22470689e+01 -2.67091742e+01 -4.82659438e+01 -6.05282214e+01 -6.82230469e+01 -6.21830593e+01 -5.46657743e+01 -3.67742673e+01 -1.79755272e+01  4.03194275e+00  2.72366260e+01  4.05264025e+01  5.33488997e+01  5.68635377e+01]
 [ 1.14400791e+01  7.20813933e-01 -1.84306747e+00 -2.37768459e+00  1.70525374e+00  9.16476185e+00  2.92964565e+01  4.48607757e+01  5.60184814e+01  7.03900940e+01  7.97783088e+01  8.87465963e+01  8.58332086e+01  7.89412949e+01  8.27949936e+01  8.33375685e+01  7.65247989e+01  7.18129871e+01  7.52408011e+01  6.73997302e+01  7.44620167e+01  7.27982743e+01  6.97204050e+01  5.81472361e+01  5.82832272e+01  4.66989433e+01  4.04404990e+01  2.55399353e+01  2.21524980e+01  1.80671980e+01  1.91882643e+01  1.82836569e+01  1.83446486e+01  2.17203385e+01  3.22044257e+01  2.92887952e+01  3.39655530e+01  2.52331072e+01  2.02973186e+01  1.43084533e+01  7.63681098e+00 -9.27338616e+00 -1.78443049e+01 -1.39115218e+01 -2.16103784e+01 -1.69872843e+01 -1.24992174e+00  2.63443300e+00  1.95851779e+01  2.96606568e+01  3.40474895e+01  3.97742645e+01  3.87915069e+01  3.61874723e+01  3.21560080e+01  2.40842746e+01  2.21767955e+01  2.07564182e+01  2.88781406e+01  3.54938936e+01  4.42566977e+01  6.43527303e+01  7.25332504e+01  7.86651545e+01  8.14841062e+01  7.17270531e+01  6.41486326e+01  4.22342301e+01  1.13022635e+01 -9.83890470e+00 -4.10581567e+01 -5.90525634e+01 -8.77719769e+01 -9.75040222e+01 -9.48145449e+01 -8.89255534e+01 -7.68375439e+01 -6.69059922e+01 -4.39900907e+01 -3.89635050e+01 -2.69993990e+01 -2.85668866e+01 -2.97072314e+01 -4.03859405e+01 -5.92401334e+01 -6.98626024e+01 -8.74003304e+01 -9.25872077e+01 -9.31809263e+01 -8.67902177e+01 -7.52100361e+01 -6.77614365e+01 -4.98943446e+01 -4.16045864e+01 -2.85691094e+01 -3.04670145e+01 -3.35554004e+01 -3.78368892e+01 -5.38238506e+01 -5.89208701e+01 -7.92233795e+01 -8.60021195e+01 -8.40791517e+01 -8.42695798e+01 -7.16776818e+01 -6.16649871e+01 -4.16395482e+01 -2.62287927e+01 -1.65030192e+01 -1.69146146e+01 -1.30000021e+01 -2.12604384e+01 -3.19082048e+01 -4.07389149e+01 -5.93779995e+01 -6.99269305e+01 -8.78658951e+01 -9.75285555e+01 -1.03284174e+02 -1.00559405e+02 -9.90744265e+01 -9.12239922e+01 -8.20558618e+01 -8.29014519e+01 -6.69939897e+01 -7.10768230e+01 -5.41433030e+01 -6.17447254e+01 -5.18030449e+01 -5.32804342e+01 -4.43243882e+01 -2.75284119e+01 -2.95812701e+01 -1.89200924e+01 -9.14180159e+00 -8.17100277e-01  1.04642635e+01  1.54279915e+01  8.20379416e+00  9.49276269e+00  6.94533024e+00  5.89751565e+00  2.24734337e+00  9.60118284e-01  8.24590529e-02  8.67863550e-01  1.53063856e+01  1.90551277e+01  2.86224453e+01  3.64429279e+01  4.10705203e+01  3.53591393e+01  3.12741497e+01  2.07521123e+01  1.16234315e+01 -7.05694993e+00 -2.48312452e+01 -2.15575420e+01 -2.66611104e+01 -2.65683322e+01 -2.43887075e+01 -1.37966076e+01 -7.75493008e+00  4.08840337e+00  8.57074390e+00 -3.61925215e-01 -2.31706531e+00 -1.01979472e+01 -1.65194004e+01 -2.71055968e+01 -3.13467008e+01 -3.18268711e+01 -2.42485876e+01 -1.19651906e+01  1.27579520e+00  3.07372469e+01  5.14988797e+01  8.05067100e+01  1.02157549e+02  1.13593271e+02  1.11632486e+02  1.10225498e+02  9.83836223e+01  8.10717496e+01  5.68385483e+01  3.65844902e+01  1.89899267e+01  1.14856716e+01  1.10813863e+01  3.95755515e+00  1.99154710e+01  3.21150564e+01  4.57859223e+01  5.27624603e+01  6.52103123e+01  6.61387889e+01  5.88651792e+01  4.46958905e+01  3.45367535e+01  2.12103523e+01  1.07347598e+01  2.18433429e+00 -3.88902477e+00 -1.81913364e+00  1.84176388e+01  2.73869776e+01  3.10758146e+01  4.86903317e+01  5.92898894e+01  5.94439044e+01  6.43138054e+01  5.95260394e+01  4.04441827e+01  3.31458236e+01  2.42019862e+01  1.14756338e+01  7.60539345e+00  8.72669360e+00  1.20321429e+01  2.27056852e+01  3.51818868e+01  4.49654723e+01  6.01419714e+01  6.77205475e+01  7.90250329e+01  7.75742731e+01  7.20207181e+01  5.89711359e+01  4.25713671e+01  2.94835161e+01  1.73878651e+01  5.65221523e+00 -5.33243969e+00 -3.44934795e+00 -1.53669977e+01 -1.65552358e+01 -1.73670067e+01 -1.74327048e+01 -2.18488498e+01 -2.78709450e+01 -3.06884296e+01 -3.00005668e+01 -4.08538058e+01 -4.28223010e+01 -4.15496495e+01 -3.23961147e+01 -2.64446755e+01 -1.96496523e+01 -7.83169072e+00 -1.30301679e+01 -1.70311978e+01 -1.59232470e+01 -1.52887524e+01 -2.01142191e+01 -3.44971355e+01 -4.19642876e+01 -5.04310172e+01 -5.45181182e+01 -5.55396976e+01 -5.95260195e+01 -5.04121304e+01 -4.05685012e+01 -2.49454578e+01 -2.03055737e+01 -1.03861607e+01 -1.04220554e+01 -5.46068458e+00 -1.16082711e+01 -2.00401029e+01 -2.42009806e+01 -3.57616807e+01 -3.76007996e+01 -3.54962925e+01 -3.13809565e+01 -2.23483545e+01 -1.17833641e+01 -7.60201998e+00 -2.18671141e+00  3.96655903e-01  2.06491682e+00 -1.39202676e+01 -3.01990912e+01 -5.31352519e+01 -6.96019137e+01 -9.00960247e+01 -1.03939449e+02 -1.12260007e+02 -1.13285145e+02 -9.84866119e+01 -8.69331884e+01 -5.88655539e+01 -3.90924167e+01 -8.98133975e+00  7.93169765e+00  2.60233132e+01  3.86090368e+01  3.32543753e+01  2.81519154e+01  9.30254171e+00  1.01699362e+01  5.55331520e+00  5.63256075e+00  5.57411539e+00  4.90013945e+00  1.43785031e+01  3.53584887e+01  4.69845892e+01  6.77750064e+01  7.04300014e+01  7.52439092e+01  6.94659686e+01  6.31848082e+01  4.51787649e+01  2.59762369e+01  1.09543340e+01 -1.38767861e+00 -1.37862348e+01 -1.78963521e+01 -9.64570874e+00 -1.16763501e+01  2.57982336e-01  1.30054801e+01  2.58427795e+01  3.19522312e+01  2.92025117e+01  2.21300630e+01  1.07139609e+01  3.27030507e-01 -2.92135914e+00 -1.89921606e+01 -1.53679810e+01 -2.60579253e+01 -1.56917937e+01 -2.79578569e+00  1.03671980e+01  3.17139335e+01  4.29968485e+01  5.76438016e+01  8.10081916e+01  8.21508246e+01  8.63198104e+01  9.68221517e+01  9.26661447e+01  8.70929009e+01  8.38870741e+01  7.56204819e+01  7.35000016e+01  7.29091335e+01  7.57333593e+01  7.40659364e+01  6.56617916e+01  5.66223783e+01  5.86232715e+01  4.52207164e+01  3.98677841e+01  2.89321786e+01  1.91539593e+01  1.85456450e+01  1.51165114e+01  1.40914898e+01  1.89617905e+01  2.61534165e+01  5.15212200e+01  4.90562459e+01  5.79178212e+01  5.59467023e+01  5.03249082e+01  4.47909031e+01  3.66714967e+01  2.59725487e+01  1.31999395e+01  9.23636023e+00 -4.65690093e+00 -8.22961472e+00  2.97292943e+00  1.24787304e+01  1.94316493e+01  2.61028942e+01  3.64951933e+01  3.77133188e+01  3.33246160e+01  3.19718464e+01  1.83871694e+01  1.28101987e+01  1.09570689e+01  5.64111761e+00  1.00631075e+01  1.93792207e+01  3.41313182e+01  5.10009285e+01  6.51034798e+01  8.62803868e+01  8.85933605e+01  9.29872617e+01  8.42717045e+01  7.27169755e+01  5.54959604e+01  2.71911002e+01 -9.82768454e+00 -3.52314012e+01 -5.46973708e+01 -7.51603280e+01 -8.38984024e+01 -7.83367911e+01 -7.38312009e+01 -6.77173965e+01 -5.29427949e+01 -4.03811398e+01 -3.81478202e+01 -3.55491313e+01 -4.03469178e+01 -4.44518939e+01 -5.88602916e+01 -7.00128037e+01 -9.44564241e+01 -9.08476445e+01 -1.00577679e+02 -8.74167593e+01 -7.56366719e+01 -5.87242162e+01 -5.15022202e+01 -3.71682751e+01 -1.98337129e+01 -1.20728028e+01 -1.46962081e+01 -1.45115750e+01 -1.82824726e+01 -3.41792277e+01 -5.11017960e+01 -6.19757057e+01 -6.80351525e+01 -7.30193931e+01 -6.89034817e+01 -5.79985578e+01 -5.12325289e+01 -4.26749476e+01 -2.51718948e+01 -2.53711841e+01 -1.75378788e+01 -2.74263594e+01 -4.10217344e+01 -5.23012219e+01 -6.93999764e+01 -7.54591296e+01 -1.01808054e+02 -1.06175079e+02 -1.06587962e+02 -1.14252678e+02 -1.07147594e+02 -1.02507465e+02 -9.44196588e+01 -8.01399771e+01 -7.30242033e+01 -6.92321582e+01 -6.88979257e+01 -5.72393704e+01 -5.85723968e+01 -5.05293659e+01 -4.91734086e+01 -4.68226393e+01 -3.48133412e+01 -3.28447975e+01 -2.81774416e+01 -1.41978908e+01 -1.41165850e+01 -4.56212382e+00 -2.98029103e+00 -8.19739297e+00 -1.20665959e+01 -1.51648966e+01 -2.32063065e+01 -1.69575175e+01 -1.49123171e+01 -4.68470049e+00  8.50724606e+00  2.16373624e+01  1.94100943e+01  3.94466706e+01  4.75743281e+01  4.31403667e+01  4.82472146e+01  4.42864008e+01  2.90476815e+01  2.36960342e+01  1.54663264e+01  1.13674923e+00 -6.68141787e+00 -1.73400724e+01 -1.86854044e+01 -1.31092061e+01 -6.02735047e+00 -4.76943036e+00 -9.69607072e+00  1.18876471e-01 -1.09535282e+01 -1.79876321e+01 -3.46390039e+01 -4.39899177e+01 -5.39705010e+01 -5.36817321e+01 -5.45785449e+01 -5.04719311e+01 -2.65911275e+01  3.91839889e+00  2.58132645e+01  5.95413032e+01  7.88512092e+01  1.03049004e+02  1.13676734e+02  1.11318552e+02  1.11250416e+02  9.77705461e+01]]
data_center.shape: (8, 512)
data_center: [[-4.87165263e+01 -5.47761045e+01 -6.55176573e+01 -6.47157097e+01 -7.06250679e+01 -6.78520667e+01 -7.11877167e+01 -6.64419569e+01 -5.19013659e+01 -3.89278899e+01 -2.18141739e+01 -3.89659289e+00  1.23941716e+01  2.73624645e+01  3.96417995e+01  4.05417229e+01  4.18571563e+01  3.08734655e+01  1.81951624e+01  5.15032699e+00 -1.16406823e+01 -2.02261843e+01 -2.86633679e+01 -3.38667248e+01 -3.00974681e+01 -2.14579843e+01 -2.72178938e+00  7.08082946e+00  2.05239648e+01  3.01545418e+01  3.76483393e+01  3.28105815e+01  2.51617277e+01  1.26183569e+01  3.59329946e+00 -1.27589189e+01 -2.22725572e+01 -3.10820816e+01 -3.09187044e+01 -2.41652497e+01 -1.41150510e+01 -2.93207416e+00  1.78078662e+01  3.76744374e+01  4.66714171e+01  6.45675813e+01  7.18517302e+01  7.22451238e+01  7.04077018e+01  5.74622785e+01  5.31859359e+01  4.44935444e+01  3.25461001e+01  2.02379040e+01  1.21417889e+01  9.39352331e+00  5.47713016e+00 -4.81706154e+00 -5.70827134e+00 -1.31070502e+01 -1.64012276e+01 -2.34510405e+01 -2.47163607e+01 -3.16299992e+01 -3.52597434e+01 -3.14480953e+01 -3.89088378e+01 -3.41210845e+01 -2.76971687e+01 -3.10117372e+01 -2.50556246e+01 -1.76111629e+01 -1.70761830e+01 -1.81307801e+01 -2.10468971e+01 -3.32563159e+01 -4.11315173e+01 -4.62901643e+01 -5.29355830e+01 -5.51523993e+01 -5.89151944e+01 -5.97325331e+01 -5.33186251e+01 -4.61322148e+01 -3.81647213e+01 -2.46221030e+01 -1.57679553e+01 -1.09876935e+01 -7.20605583e+00 -9.87726893e+00 -1.14525865e+01 -8.74261179e+00 -1.21531392e+01 -1.35181699e+01 -4.63460036e+00 -9.19863066e-03  9.31044868e+00  1.96126064e+01  3.20337907e+01  3.56771183e+01  5.00670990e+01  6.10035194e+01  5.90871417e+01  5.91765826e+01  5.89088556e+01  5.47772287e+01  5.22750046e+01  5.33838014e+01  5.10590007e+01  4.81645163e+01  5.18127988e+01  5.83806346e+01  4.93060739e+01  4.71128335e+01  4.28054640e+01  3.72714309e+01  1.98068651e+01  7.33125138e+00 -1.56390154e+01 -2.74579581e+01 -4.01555469e+01 -4.75791432e+01 -4.61548108e+01 -4.87418560e+01 -3.81587855e+01 -1.97175079e+01 -5.06143336e+00  6.15668809e+00  2.31065595e+01  3.03371128e+01  2.97133406e+01  2.63012251e+01  1.80015686e+01  1.75167912e+00 -7.63528016e+00 -2.15608163e+01 -2.78913909e+01 -2.83446761e+01 -2.71130856e+01 -1.72709834e+01 -3.83230315e+00  1.37613921e+01  2.64185619e+01  4.40785368e+01  4.90671564e+01  5.55852465e+01  5.25558486e+01  3.92062163e+01  3.17550975e+01  1.70665923e+01 -8.22557119e+00 -2.25205026e+01 -3.39678672e+01 -4.30634132e+01 -4.38538140e+01 -3.69767553e+01 -2.80666806e+01 -2.29006945e+01 -8.57819482e+00 -4.15112622e-01  1.42487115e+01  1.80883682e+01  1.54066749e+01  1.96222792e+01  2.30919611e+01  2.22188459e+01  2.07599954e+01  1.91039373e+01  2.01636006e+01  2.41529458e+01  2.44451186e+01  2.74557364e+01  2.71724611e+01  2.80672453e+01  2.18488519e+01  1.85355366e+01  1.61978320e+01  8.85913111e+00  5.17252171e+00  5.19246491e+00  7.07524796e+00  4.10868104e+00  1.11393974e+01  1.68780724e+01  1.98568427e+01  2.52258543e+01  2.17646002e+01  1.72712629e+01  1.24662418e+01  3.73387313e+00 -6.65412342e+00 -1.47303732e+01 -3.03784201e+01 -4.04619962e+01 -4.76998804e+01 -4.99758712e+01 -5.06136712e+01 -4.69417969e+01 -4.41199588e+01 -4.27490269e+01 -4.21558061e+01 -3.65194184e+01 -3.68253251e+01 -3.58240598e+01 -4.76270156e+01 -5.34633188e+01 -6.38379746e+01 -6.10162960e+01 -6.10033982e+01 -6.14714100e+01 -5.07670960e+01 -5.18280550e+01 -5.03335385e+01 -3.62246220e+01 -3.52423817e+01 -2.32188919e+01 -1.74366759e+01 -1.74610450e+01 -1.50655460e+01 -1.44414144e+01 -6.11716860e+00  1.54672572e-01  8.04670666e+00  2.21705112e+01  3.28575779e+01  4.41049637e+01  5.54600926e+01  7.08800883e+01  7.58824747e+01  7.51951819e+01  7.18903712e+01  6.01282494e+01  3.91528643e+01  3.21970104e+01  1.41128296e+01 -6.66310181e-01 -8.82287349e+00 -6.19135802e+00 -6.55789600e+00  3.39295615e+00  1.03676140e+01  2.49414689e+01  3.61092163e+01  4.27220112e+01  4.00042317e+01  3.55803537e+01  2.70685671e+01  1.00619022e+01 -6.74829561e+00 -2.26495375e+01 -3.64780769e+01 -4.69474413e+01 -4.12401587e+01 -4.47295730e+01 -3.05650171e+01 -1.67603350e+01  2.99327775e+00  1.42549893e+01  3.39400362e+01  4.05793614e+01  5.00437715e+01  4.94924947e+01  4.65665875e+01  2.85210486e+01  2.41805962e+01  1.01632827e+01 -4.14595790e+00 -1.32617826e+01 -2.03085238e+01 -2.47494111e+01 -2.55233510e+01 -2.53772794e+01 -2.27904816e+01 -1.90643465e+01 -1.29713496e+01 -1.36013995e+01 -1.61657831e+01 -1.91925656e+01 -2.20214543e+01 -2.31319916e+01 -2.02711753e+01 -1.42008055e+01 -1.74236647e+01 -1.29355313e+01 -1.67923440e+00 -9.69078115e-01  4.87686315e+00  1.37385242e+00  1.71135655e+00  9.91758511e-01 -8.56504375e-01 -3.96256124e+00 -9.07375839e+00 -8.33747979e+00 -4.24875118e+00  1.76978384e+00  1.03499587e+01  1.90985935e+01  3.05757585e+01  4.66096613e+01  5.39010604e+01  5.22391328e+01  5.48069162e+01  5.72642756e+01  5.44692866e+01  4.85751542e+01  4.33202499e+01  3.50194423e+01  3.51385824e+01  3.32626994e+01  3.48067227e+01  4.05045013e+01  4.19802876e+01  4.14547566e+01  4.69923521e+01  4.52475083e+01  4.09298281e+01  3.47714719e+01  2.28460334e+01  1.14396480e+01  9.81890051e-01 -1.00638805e+01 -2.05942018e+01 -3.02345871e+01 -3.43610395e+01 -3.70600583e+01 -4.25789574e+01 -4.59347738e+01 -5.68715061e+01 -5.73442958e+01 -6.43215005e+01 -7.14713693e+01 -8.55569738e+01 -9.08642971e+01 -9.64245343e+01 -9.62652435e+01 -9.26636122e+01 -8.12691229e+01 -6.13251738e+01 -4.46368034e+01 -2.74581056e+01 -1.02627205e+01  7.02890889e+00  1.06886663e+01  1.90940182e+01  2.54433909e+01  9.32383033e+00 -4.83268388e+00 -1.36955597e+01 -2.11938909e+01 -2.64973524e+01 -3.88211266e+01 -3.00498968e+01 -2.59657286e+01 -1.00983258e+01  4.51902101e+00  1.84607374e+01  2.37325869e+01  2.90503727e+01  3.05328824e+01  2.39485914e+01  1.29055142e+01  2.70567441e-02 -2.01658379e+01 -3.72866329e+01 -5.03925406e+01 -5.71694537e+01 -5.76150069e+01 -5.19066028e+01 -3.90405611e+01 -2.60684839e+01 -6.42109807e+00  1.34177152e+01  3.42965458e+01  4.94334768e+01  5.71609384e+01  6.24611182e+01  6.62256782e+01  6.20340048e+01  6.06908912e+01  5.33559519e+01  4.91729284e+01  4.49210178e+01  4.31316416e+01  4.15922931e+01  4.20553970e+01  3.92939173e+01  3.16573765e+01  3.07458768e+01  2.46739507e+01  1.53391758e+01  1.15262733e+01  5.33130042e-01 -9.14519759e-01 -7.06758043e+00 -1.12124683e+00  5.71347738e-01 -3.64779880e+00  3.86529760e+00  5.46435291e+00  3.61310540e+00  4.26488480e+00  1.20417861e+00 -1.39013683e+01 -1.20799312e+01 -2.24291972e+01 -3.27668705e+01 -4.00375598e+01 -4.11945516e+01 -4.42953274e+01 -4.01621765e+01 -3.89839214e+01 -2.75385461e+01 -2.48404645e+01 -1.55223597e+01 -1.58093171e+01 -9.39045643e+00 -5.87409904e+00 -1.02213276e+01 -1.79518387e+01 -1.77880125e+01 -1.62786598e+01 -1.94602771e+01 -1.40728651e+01 -9.36754180e+00 -4.73745763e+00  1.49977900e+01  2.77763778e+01  3.29568016e+01  4.51205491e+01  5.29454890e+01  5.84719947e+01  5.71368320e+01  6.17027458e+01  6.25846157e+01  6.51785598e+01  6.11670643e+01  6.19061922e+01  6.82348938e+01  6.49426691e+01  6.74939830e+01  5.92426022e+01  5.48048901e+01  4.80751235e+01  3.62678300e+01  1.84389100e+01 -7.62869167e+00 -2.42955913e+01 -3.97666330e+01 -5.54160319e+01 -6.20540408e+01 -6.53496129e+01 -5.85303188e+01 -5.26791391e+01 -4.07155511e+01 -2.06294896e+01 -1.08210466e+01  4.36102091e+00  1.05819583e+01  1.59157984e+01  7.20123228e+00 -1.22571217e-01 -9.41625097e+00 -2.16045130e+01 -2.81112783e+01 -3.44816735e+01 -3.08411541e+01 -2.08732959e+01 -1.00373002e+01  4.10493158e+00  1.99995080e+01  3.74871381e+01  3.99637402e+01  4.94458512e+01  4.70496681e+01  3.43530476e+01  2.22422861e+01 -2.30334060e+00 -2.01137061e+01 -4.59878457e+01 -5.85969332e+01 -6.97568677e+01 -7.89225784e+01 -8.15826693e+01 -7.35849103e+01 -6.89206840e+01 -5.88370133e+01 -4.30629246e+01 -3.08376465e+01 -2.09368791e+01 -1.41007377e+01 -1.10460662e+01 -2.69904339e+00 -3.82532020e+00  6.37637871e+00  1.20618194e+01  1.18692765e+01  1.97362598e+01  3.16629993e+01  3.16244112e+01  3.96856726e+01  3.79174110e+01  4.29292444e+01  4.18706359e+01  3.25783880e+01  2.81948036e+01  2.39930330e+01  2.27609573e+01  1.96351233e+01  1.95883269e+01  2.56931718e+01  3.02907227e+01]
 [-5.64915204e+01 -6.70913153e+01 -6.33217187e+01 -6.59591544e+01 -6.00243940e+01 -5.70516345e+01 -4.45411006e+01 -4.05528577e+01 -3.15395682e+01 -3.39015961e+01 -3.23487231e+01 -3.74116020e+01 -3.92894536e+01 -4.39470335e+01 -3.79168207e+01 -2.17670941e+01 -1.48228850e+01 -1.60085654e+00  2.32003876e+01  3.95220314e+01  5.60783719e+01  6.93895450e+01  6.83890918e+01  4.90609722e+01  3.32606364e+01  1.77651548e+01 -1.64936740e+01 -4.99162472e+01 -7.42057357e+01 -8.92472435e+01 -9.96512558e+01 -9.93640696e+01 -8.21763547e+01 -7.10323672e+01 -4.06777487e+01 -1.55040904e+01  1.05615399e+01  2.52657693e+01  3.29799975e+01  3.35917428e+01  2.81192228e+01  1.14299044e+01 -4.19372412e+00 -2.75431870e+01 -4.41526178e+01 -6.24781682e+01 -6.45832448e+01 -6.48653898e+01 -5.72817041e+01 -5.36696518e+01 -4.10969642e+01 -2.32424184e+01 -8.74226887e+00  7.57227781e+00  1.68639503e+01  3.11188200e+01  4.17352679e+01  4.05197717e+01  6.11750873e+01  6.71781426e+01  7.82561847e+01  8.60691694e+01  8.68574503e+01  8.62800433e+01  7.90547263e+01  6.28609619e+01  5.01241992e+01  1.90582175e+01 -6.47040129e+00 -3.20338226e+01 -5.30300618e+01 -6.60384682e+01 -7.66709310e+01 -8.48311934e+01 -7.37252996e+01 -5.39427544e+01 -3.03866941e+01 -8.98660065e+00  1.12517841e+01  2.29389836e+01  3.76249412e+01  3.72040106e+01  3.82462413e+01  1.86104546e+01  1.14510450e+00 -1.01635600e+01 -2.44715605e+01 -3.29738197e+01 -4.30313188e+01 -3.16912464e+01 -2.36567532e+01 -1.21089452e+01  2.74342468e+00  2.05161820e+01  3.45168084e+01  4.26399874e+01  3.73573192e+01  4.33436907e+01  4.04640922e+01  3.74797243e+01  3.45851336e+01  4.13321516e+01  3.94970993e+01  4.75137390e+01  5.58529681e+01  6.33833794e+01  7.25094347e+01  7.94753035e+01  7.96033019e+01  7.56633155e+01  6.81219639e+01  5.87394985e+01  4.81102821e+01  3.35178970e+01  2.34101671e+01  1.59356292e+01  9.42323676e+00  2.91825510e+00  3.47867113e+00  1.84851575e+00 -2.49103168e-01 -5.95218735e+00 -9.30588989e+00 -1.63298869e+01 -3.13002604e+01 -4.29751358e+01 -5.08240397e+01 -5.70666519e+01 -5.91078420e+01 -5.20102789e+01 -3.64452605e+01 -1.22331121e+01  1.18411040e+01  4.58819534e+01  6.75611057e+01  8.81797147e+01  1.10477525e+02  1.13277855e+02  1.08302773e+02  8.90391276e+01  7.09564005e+01  3.67106642e+01  1.29032238e+01 -1.96687184e+01 -3.44542938e+01 -5.74946227e+01 -4.68096957e+01 -4.27844086e+01 -2.84588331e+01 -9.61396859e+00  1.54525806e+01  2.89288535e+01  4.70653652e+01  5.13744998e+01  5.44763388e+01  3.89776724e+01  3.60937555e+01  2.15355532e+01  1.76103946e+00 -1.14805074e+01 -2.20095677e+01 -3.67251656e+01 -3.69413059e+01 -3.98292813e+01 -5.13837483e+01 -5.55682415e+01 -5.13582714e+01 -5.95397848e+01 -5.77594086e+01 -5.46919319e+01 -5.15688361e+01 -4.34845354e+01 -3.69237681e+01 -2.07756456e+01  1.04583839e+00  2.23917397e+01  3.52527526e+01  5.37534517e+01  6.43125465e+01  6.57139644e+01  5.26189736e+01  3.74051849e+01  1.43510388e+01 -6.59501553e+00 -3.63317567e+01 -5.83552623e+01 -7.28733513e+01 -8.18704189e+01 -8.32439393e+01 -7.45094828e+01 -5.19463474e+01 -3.73055831e+01 -1.52676894e+01  1.75707434e+00  1.34536071e+01  2.17739665e+01  1.67601281e+01  1.02026532e+01 -6.52938228e+00 -1.29995818e+01 -2.99027360e+01 -4.46466402e+01 -4.90093844e+01 -5.65413398e+01 -5.18591829e+01 -4.96443616e+01 -4.42103294e+01 -3.66344765e+01 -2.66146501e+01 -2.03730300e+01 -2.40485833e+01 -2.58069198e+01 -2.81896710e+01 -2.77609104e+01 -2.82339278e+01 -3.42772248e+01 -2.73413441e+01 -2.28774046e+01 -7.67295145e+00 -2.95535131e+00  1.24282774e+01  2.46063295e+01  3.01724755e+01  3.66294380e+01  4.17885099e+01  3.51665833e+01  2.73492072e+01  2.42544100e+01  1.95210216e+01  1.44789757e+01  1.63022676e+01  1.89261742e+01  2.82662917e+01  2.52180962e+01  3.02462886e+01  2.82319562e+01  2.26207176e+01  3.40863552e+00 -1.29180679e+01 -3.13030756e+01 -5.14068242e+01 -6.46064056e+01 -8.14640915e+01 -8.32918394e+01 -8.56082235e+01 -6.74875691e+01 -4.09695322e+01 -1.23083115e+01  2.30007363e+01  5.92111543e+01  8.25987957e+01  9.88573165e+01  1.06944246e+02  1.09019418e+02  9.47238922e+01  7.35654799e+01  4.58619177e+01  2.04529953e+01 -6.56331894e+00 -2.91669676e+01 -3.96484296e+01 -4.61877299e+01 -3.88841145e+01 -3.22202847e+01 -1.75150166e+01 -9.06000095e+00  9.07183893e+00  1.80494555e+01  2.36984061e+01  2.19233872e+01  2.93681522e+01  3.06221110e+01  2.58762736e+01  2.42679506e+01  2.30661228e+01  1.34622717e+01  1.15563530e+01  7.12138486e+00  4.92127486e+00 -5.11199058e+00 -1.91668903e+01 -3.05038146e+01 -3.99905743e+01 -5.21185483e+01 -6.22233942e+01 -5.60857128e+01 -5.60399978e+01 -4.52031215e+01 -2.30546477e+01  2.01734265e+00  3.04553257e+01  5.26307365e+01  7.61036624e+01  8.64173942e+01  9.17553821e+01  9.84762453e+01  7.65100244e+01  6.21781557e+01  3.25633053e+01  1.83936653e+01  1.54503688e+00 -9.08783329e+00 -1.46546001e+01 -1.34744648e+01 -1.31383697e+01  4.31965826e-01  9.08578555e+00  2.79313697e+01  3.87531047e+01  4.38629516e+01  4.00399592e+01  3.77200121e+01  2.89017666e+01  1.21472222e+01 -9.01031536e+00 -1.86556419e+01 -2.68504393e+01 -3.18504741e+01 -3.22348131e+01 -2.79376557e+01 -2.96729577e+01 -2.65550511e+01 -1.85754513e+01 -2.27382764e+01 -2.13312768e+01 -3.97642204e+01 -3.86964470e+01 -4.30662238e+01 -5.37004193e+01 -6.39557745e+01 -5.64134878e+01 -5.87655939e+01 -4.90921494e+01 -4.30424626e+01 -2.45379141e+01 -1.52057675e+01 -1.50175366e+01 -1.05750161e+01 -3.89820551e+00 -1.50179291e+01 -1.31432605e+01 -1.67342755e+01 -2.51339742e+01 -2.67923474e+01 -1.67943781e+01 -6.29040006e+00  8.37021591e+00  1.74891017e+01  3.41721962e+01  3.87593957e+01  4.23600433e+01  2.92910268e+01  1.86255892e+01 -7.56952350e+00 -3.74180116e+01 -6.90161955e+01 -9.46599431e+01 -1.10737128e+02 -1.22513673e+02 -1.26963259e+02 -1.16322067e+02 -9.76741413e+01 -6.30395786e+01 -3.04242169e+01 -3.00146431e-01  2.63617897e+01  4.50194485e+01  5.68098868e+01  6.19926178e+01  4.85395135e+01  3.56090137e+01  2.07344017e+01 -4.18794390e+00 -1.94541421e+01 -3.48348153e+01 -4.86150151e+01 -4.99221936e+01 -4.66547147e+01 -4.00361255e+01 -3.53306136e+01 -2.38148862e+01 -1.81830182e+01 -1.08621759e+01 -3.16602112e+00  1.31154013e+01  1.14916534e+01  2.67661327e+01  3.80157036e+01  5.01708478e+01  6.76194194e+01  6.79547848e+01  7.91676992e+01  7.61252975e+01  6.99858132e+01  6.02482141e+01  4.34835766e+01  1.13244553e+01 -7.92555834e+00 -3.52606122e+01 -5.13481226e+01 -6.17938164e+01 -6.95392805e+01 -6.88308147e+01 -5.01077865e+01 -3.62512610e+01 -1.58347979e+01  9.35956030e+00  2.15988497e+01  3.80831073e+01  3.94983720e+01  4.14774805e+01  3.30386854e+01  1.63602530e+01 -1.49487132e-01 -1.51481723e+01 -2.38501527e+01 -3.61316271e+01 -3.23669465e+01 -2.65380525e+01 -1.70327664e+01 -5.24633083e+00  1.62770969e+01  2.60060154e+01  3.96239779e+01  4.38048885e+01  4.77610004e+01  4.30470868e+01  3.60486486e+01  3.06138561e+01  2.60089470e+01  2.19208187e+01  2.13409416e+01  2.78761733e+01  3.20333348e+01  4.03710289e+01  5.01538085e+01  5.30299844e+01  5.78328223e+01  5.99624857e+01  4.41167604e+01  4.14904653e+01  2.71850372e+01  2.36874226e+01  1.44618756e+01  6.49243808e+00  1.38757196e+01  1.79472417e+01  1.75098923e+01  2.54429371e+01  2.49874868e+01  2.67296290e+01  2.87379597e+01  1.21056704e+01  4.06871566e+00 -6.78089914e+00 -2.11271173e+01 -3.53026217e+01 -3.68101792e+01 -2.33575853e+01 -2.40232196e+01 -2.92242907e+00  1.70072640e+01  4.44602585e+01  6.29482801e+01  7.32608884e+01  8.31170908e+01  8.42339594e+01  6.87178084e+01  4.45385932e+01  1.92263758e+01 -1.34770845e+01 -3.90496232e+01 -5.30614418e+01 -7.17194661e+01 -7.27017464e+01 -6.02314554e+01 -5.12292039e+01 -2.36748023e+01  1.98600046e+00  2.19404349e+01  5.07773485e+01  6.50677960e+01  7.80685344e+01  7.93718582e+01  6.88816337e+01  6.46723374e+01  4.67715211e+01  3.11202019e+01  1.50343721e+01  6.51627979e+00 -1.07791766e+01 -1.55982882e+01 -2.74731677e+01 -3.97888219e+01 -4.29548345e+01 -5.65637584e+01 -5.95272721e+01 -7.19000129e+01 -7.54637157e+01 -7.08087375e+01 -5.99101345e+01 -4.73063035e+01 -3.15774286e+01 -6.21807664e+00  1.12898591e+01  2.70203872e+01  4.22389532e+01  5.34938308e+01  5.45867813e+01  4.58598592e+01  3.41633308e+01  1.27190298e+01]
 [-2.98823054e+01 -3.48911387e+01 -3.82870654e+01 -3.51824879e+01 -3.24082307e+01 -2.92968831e+01 -2.92948785e+01 -2.42610151e+01 -1.59915144e+01 -5.89964166e+00  2.81070529e+00  8.50124006e+00  1.52265421e+01  1.27990508e+01  1.01678071e+01  3.93366999e+00 -8.54795799e+00 -1.55602917e+01 -3.35854211e+01 -4.09525025e+01 -4.76523086e+01 -4.70620746e+01 -4.65056296e+01 -3.97126528e+01 -2.68472048e+01 -1.58676929e+01  1.32461468e+01  2.78105210e+01  3.91546054e+01  5.23501285e+01  5.53516857e+01  4.89090596e+01  3.32812158e+01  1.65448004e+01 -2.37958802e+00 -3.07452309e+01 -5.00226353e+01 -7.13336409e+01 -7.61067367e+01 -8.07527153e+01 -7.92893672e+01 -7.16865431e+01 -4.96201097e+01 -2.77096044e+01 -6.57351801e+00  1.99230169e+01  4.26062519e+01  6.03214868e+01  7.52387201e+01  7.21200982e+01  7.97579989e+01  7.39893859e+01  6.28675496e+01  4.96177470e+01  3.31635649e+01  1.71116285e+01  8.03143161e+00 -8.52660489e+00 -1.33700573e+01 -2.19701584e+01 -2.32255170e+01 -2.12846360e+01 -1.41171703e+01 -1.18403731e+01  3.78285959e+00  1.17327572e+01  7.62336673e+00  2.28803678e+01  2.64813438e+01  1.55733946e+01  2.07811888e+01  2.34488562e+01  1.48790059e+01  1.25042670e+01 -3.30975718e-01 -1.56815240e+01 -2.65466934e+01 -3.26889160e+01 -3.83415036e+01 -4.66754953e+01 -5.25555129e+01 -5.60448639e+01 -5.79113536e+01 -5.34332554e+01 -4.70370510e+01 -3.90475451e+01 -3.31922166e+01 -2.38700434e+01 -1.14526417e+01 -2.98010360e+00  7.45868437e+00  1.68762594e+01  2.80571418e+01  3.20002076e+01  4.06680804e+01  4.43475720e+01  4.72135091e+01  4.45967836e+01  4.52315887e+01  4.12512803e+01  3.48413874e+01  2.95927670e+01  2.02831683e+01  7.58352581e+00  9.43416440e+00  2.94868915e+00  5.01305693e+00  9.37220069e+00  1.21542995e+01  8.79892673e+00  1.01396116e+01  1.93021067e+01  1.21928475e+01  1.18758583e+01  9.92962546e+00  7.01746236e+00 -1.10116812e+00 -6.26030505e+00 -1.54125341e+01 -1.47984302e+01 -1.57655869e+01 -1.20177640e+01 -7.82500336e-01  2.19149689e+00  1.95507305e+01  3.26092238e+01  4.28900070e+01  4.02404376e+01  4.65890720e+01  4.15572594e+01  3.49478645e+01  2.11760511e+01  7.88332497e+00 -1.29853709e+01 -2.49481956e+01 -3.37297031e+01 -3.89619536e+01 -3.51316181e+01 -2.92909378e+01 -9.71732001e+00  6.77454525e+00  3.38664378e+01  5.12709414e+01  7.49202341e+01  9.16396184e+01  1.03681100e+02  1.03803644e+02  8.96384026e+01  7.66708624e+01  5.67665827e+01  2.47836369e+01 -1.11558206e+00 -2.93360138e+01 -5.02440567e+01 -7.55260763e+01 -8.15537365e+01 -8.74623236e+01 -8.62645922e+01 -7.54891622e+01 -5.83345271e+01 -4.01286385e+01 -2.64402067e+01 -1.56961631e+01 -1.08382246e+00  1.67579874e+01  2.43390129e+01  2.08815421e+01  2.09738943e+01  1.28118383e+01  9.25260709e+00 -8.62107659e-01 -5.65753145e+00 -9.76617320e+00 -1.63897035e+01 -2.02733504e+01 -2.25175241e+01 -1.65163261e+01 -1.09316132e+01 -5.90631099e+00  1.68589635e+00  1.42435744e+01  1.73584385e+01  3.06320856e+01  3.64877964e+01  4.66476092e+01  5.07296799e+01  4.52217498e+01  3.96479979e+01  3.76463402e+01  2.86096700e+01  1.94762456e+01  1.37797575e+01 -1.30967244e+00 -2.02068178e+01 -2.77424212e+01 -3.91399111e+01 -5.61580872e+01 -6.69037345e+01 -7.53356888e+01 -8.32025717e+01 -8.65180067e+01 -8.09119164e+01 -8.29857215e+01 -7.72488863e+01 -7.33475264e+01 -6.66538825e+01 -5.86160066e+01 -4.28188274e+01 -3.18440955e+01 -2.37591270e+01 -1.13751618e+01 -7.33353918e+00 -4.53653297e+00  3.61470364e+00  4.37878225e+00  1.10374350e+01  8.93150606e+00  7.78457109e+00  9.80572160e+00  9.67326530e+00  1.40638639e+01  1.98639364e+01  2.65713490e+01  3.36629354e+01  3.70980625e+01  4.18053489e+01  4.38735652e+01  4.70444919e+01  4.25646886e+01  3.58971270e+01  2.98117803e+01  2.13059565e+01  8.28887189e+00  8.54300103e+00 -1.28206787e+00 -4.53124527e+00  1.36183163e+00  1.24652865e+01  1.94165306e+01  3.49171858e+01  4.12583652e+01  5.27030055e+01  5.17107071e+01  5.05337808e+01  4.37668562e+01  2.45231847e+01  8.71464657e+00 -1.79431753e+01 -4.24600967e+01 -6.77092010e+01 -8.50996944e+01 -9.85096182e+01 -9.97221020e+01 -1.03125406e+02 -8.24476146e+01 -6.82344037e+01 -3.79811388e+01 -1.35574287e+01  1.60006452e+01  3.77818807e+01  6.08946560e+01  7.62527196e+01  8.52914713e+01  8.06211152e+01  7.62248337e+01  7.03090180e+01  4.71857475e+01  3.32246624e+01  1.18619659e+01 -1.87734307e+00 -1.27213886e+01 -2.24252521e+01 -2.78460347e+01 -2.30066368e+01 -1.77146683e+01 -1.65378745e+01 -1.90513351e+00 -9.68745883e-02  6.47674044e+00  1.57564883e+01  1.72337501e+01  1.86237654e+01  8.83584173e+00  9.90445270e+00  1.81807347e+00 -7.82860843e+00 -2.07515985e+01 -3.60330037e+01 -4.47042960e+01 -4.51938551e+01 -4.70496810e+01 -5.46132160e+01 -5.37279696e+01 -5.38081564e+01 -4.04619709e+01 -3.52361076e+01 -1.95423538e+01 -7.26513380e+00  9.31203330e+00  2.94809542e+01  4.35204355e+01  5.22846525e+01  6.09305219e+01  7.53102779e+01  8.26214754e+01  9.37414000e+01  9.38639168e+01  9.34861146e+01  9.05921554e+01  8.97249602e+01  8.02775704e+01  6.99697578e+01  5.48023580e+01  3.88118450e+01  3.29458923e+01  2.10046751e+01  3.33239941e+00 -7.09649631e+00 -1.55656398e+01 -3.02322443e+01 -2.75524711e+01 -3.55328897e+01 -3.70888284e+01 -3.51577062e+01 -3.92256761e+01 -4.00568800e+01 -4.63628774e+01 -4.53940187e+01 -5.09445777e+01 -5.27006175e+01 -5.59796695e+01 -6.15142985e+01 -7.00347334e+01 -6.77697636e+01 -6.13544342e+01 -6.31471017e+01 -5.16848232e+01 -4.28485850e+01 -3.13027137e+01 -2.13411481e+01 -1.52116351e+01 -9.26274121e+00 -3.97704906e+00 -1.02999076e+01 -1.15158561e+01 -1.35977466e+01 -2.93842736e+01 -4.14504336e+01 -4.53972675e+01 -4.16321404e+01 -4.06605062e+01 -4.18210688e+01 -2.00156554e+01 -9.43521038e+00  1.66540252e+01  3.72696858e+01  5.21665779e+01  6.00914403e+01  6.61624398e+01  7.16096510e+01  5.56140908e+01  3.82931759e+01  2.52439199e+01 -8.70586815e+00 -3.40727678e+01 -6.16502147e+01 -7.31977726e+01 -8.72432512e+01 -9.70663811e+01 -9.51447037e+01 -8.60946604e+01 -6.78191305e+01 -4.73784092e+01 -2.21567760e+01  6.73247698e+00  3.06644999e+01  4.85288636e+01  6.28377203e+01  7.23518235e+01  7.30972716e+01  6.66711662e+01  6.04722106e+01  4.96209321e+01  3.74516694e+01  2.61249495e+01  1.50336197e+01  7.82961087e+00 -2.51537448e+00 -1.99303968e+00 -4.86631827e+00 -1.48261885e+00  6.08602311e+00  1.35053683e+01  2.15053404e+01  2.19647089e+01  3.85081731e+01  4.53462910e+01  3.95949192e+01  3.95897995e+01  3.80137197e+01  2.55692006e+01  2.47728948e+01  1.26011255e+01 -6.23223336e+00 -1.05793806e+01 -2.37547541e+01 -3.74682247e+01 -5.04690909e+01 -5.28347225e+01 -5.94371322e+01 -6.38324318e+01 -6.67750184e+01 -5.88724685e+01 -5.73934449e+01 -4.89483738e+01 -4.51466497e+01 -2.98257493e+01 -1.59344277e+01  3.30517501e-01  7.14989443e+00  1.88077458e+01  3.07681416e+01  3.63452073e+01  5.12252667e+01  5.13205851e+01  4.81252107e+01  6.54689293e+01  6.26418472e+01  5.30318891e+01  4.91539627e+01  4.59002228e+01  4.29239933e+01  3.23190606e+01  3.24196628e+01  3.16727916e+01  2.88273016e+01  2.88019421e+01  2.30193212e+01  2.39767498e+01  2.27744469e+01  1.96382764e+01  8.99112027e+00  6.60702995e+00  3.48076740e+00 -6.44185223e+00 -1.86561080e+01 -3.23486493e+01 -3.45525613e+01 -3.82555726e+01 -3.33853923e+01 -3.57975415e+01 -3.27125082e+01 -1.17069886e+01 -7.35123712e+00 -1.33737993e-01  1.34430257e+01  2.14927350e+01  2.70133902e+01  1.94597559e+01  1.72766547e+01  1.80178471e+00 -6.13543077e+00 -2.19474633e+01 -3.43146127e+01 -3.76838346e+01 -3.43309090e+01 -3.00612519e+01 -9.12885017e+00  6.13217946e+00  2.64992479e+01  5.65514618e+01  8.07516145e+01  9.40065952e+01  1.13841642e+02  1.16784681e+02  1.07535986e+02  9.90870796e+01  7.60615179e+01  5.54265133e+01  1.72108135e+01 -9.10450291e+00 -3.45706226e+01 -6.20562562e+01 -8.64557560e+01 -8.87853990e+01 -1.02814942e+02 -9.54418452e+01 -8.48530914e+01 -7.29315645e+01 -6.41393879e+01 -4.15416488e+01 -3.14249659e+01 -1.33806660e+01 -6.80958475e+00  6.16721645e+00  1.16490028e+01  9.25494285e+00  4.70122634e+00  8.23500745e+00 -8.02479516e-01 -5.84314947e+00 -1.05823329e+01 -4.92985494e+00 -3.37424855e+00 -1.06220709e+01  1.19057572e+00  5.30667583e+00  1.34117400e+01  2.25091312e+01  2.37059420e+01  3.58044401e+01  4.69232745e+01]
 [-1.66599505e+01 -1.80036825e+01 -1.00232288e+01 -6.95005653e+00  8.90784850e+00  1.92135074e+01  3.57359621e+01  4.33940879e+01  4.86836287e+01  4.91375212e+01  4.26825996e+01  3.56931869e+01  2.40035726e+01  3.48509952e+00 -5.58507530e+00 -6.60498840e+00 -1.48233907e+01 -1.32935688e+01 -6.20026805e+00 -4.51138525e+00  8.97988039e+00  1.76111075e+01  2.10239573e+01  1.13615012e+01  7.06786479e+00 -1.00738938e+00 -1.79227935e+01 -3.21001175e+01 -4.29245662e+01 -4.91818137e+01 -4.30174537e+01 -3.44179980e+01 -1.56077120e+01 -5.37789760e+00  1.99176614e+01  4.22967639e+01  5.17521552e+01  5.75378003e+01  5.65389648e+01  4.57781084e+01  3.03090224e+01  7.06353884e+00 -2.13885952e+01 -4.40410632e+01 -6.36411078e+01 -8.54659912e+01 -8.76592009e+01 -8.93673154e+01 -7.80033608e+01 -6.69940868e+01 -5.41148396e+01 -2.94078827e+01 -1.69138902e+01  3.33014092e+00  1.58960521e+01  2.76792153e+01  3.76786063e+01  4.29501752e+01  5.57157987e+01  6.35543741e+01  6.85616068e+01  8.56119491e+01  8.79275809e+01  9.35557872e+01  9.64476248e+01  8.64833775e+01  7.97034757e+01  6.22465094e+01  3.75402836e+01  1.99698841e+01 -8.62848537e+00 -2.72799616e+01 -5.81101542e+01 -7.57623782e+01 -8.11056349e+01 -8.52287314e+01 -7.97035936e+01 -7.44852097e+01 -6.12925735e+01 -5.46866858e+01 -3.47409034e+01 -2.88308511e+01 -1.23481202e+01 -9.57070179e+00 -2.09418909e+00  3.69454580e+00  7.83334189e+00  1.48265443e+01  1.57961825e+01  2.57326627e+01  2.58185531e+01  2.68566119e+01  2.44276612e+01  2.17786072e+01  1.13019883e+01 -1.32861656e+00 -2.01530267e+01 -3.23817208e+01 -4.29518703e+01 -4.55055522e+01 -5.61753128e+01 -4.60316502e+01 -3.98436680e+01 -2.53556291e+01 -5.20700723e+00  1.02772219e+01  3.20381480e+01  3.67541400e+01  4.04445413e+01  3.54970172e+01  3.01796082e+01  1.03883490e+01  1.80933735e+00 -1.20833755e+01 -2.20144522e+01 -3.01321066e+01 -2.94606497e+01 -2.88341657e+01 -1.70584562e+01 -6.48917374e+00  8.40735269e+00  1.77023366e+01  2.61904307e+01  2.51848304e+01  2.31699347e+01  1.68530983e+01  1.28079980e+01  6.58047625e-01 -5.56387422e+00 -1.13754418e+01 -1.24487042e+01 -7.99832902e+00  2.83573686e-01  1.16850967e+01  1.76207620e+01  2.20537707e+01  2.84897620e+01  2.29046651e+01  1.19391030e+01 -1.19443550e+00 -1.93587017e+01 -3.97051755e+01 -5.43090654e+01 -6.99822696e+01 -7.25748499e+01 -7.81661996e+01 -5.34803050e+01 -3.71999473e+01 -1.51294482e+01  1.40673979e+01  4.16286601e+01  6.38976702e+01  8.28095896e+01  8.48849183e+01  8.60118258e+01  7.05686195e+01  5.49544246e+01  4.25027092e+01  1.59992805e+01  3.91950589e+00 -1.36164052e+01 -2.69507506e+01 -3.05551815e+01 -3.06275345e+01 -4.31481050e+01 -4.87144097e+01 -4.82047294e+01 -5.14524522e+01 -4.88128105e+01 -5.80427618e+01 -5.34710405e+01 -5.35225191e+01 -5.20665208e+01 -4.05878224e+01 -2.53465172e+01 -3.05571354e+00  5.45233282e+00  3.11703785e+01  5.09356092e+01  6.60939997e+01  6.30002807e+01  7.61996831e+01  7.38724166e+01  6.23472682e+01  4.60839833e+01  2.66270250e+01  2.07204398e+01  7.09596415e+00 -3.74291826e+00 -2.02599454e+01 -1.53896974e+01 -2.18195292e+01 -2.08845114e+01 -2.02471192e+01 -1.96192986e+01 -1.32544691e+01 -2.22695386e+01 -1.52668665e+01 -1.72531812e+01 -9.23718879e+00 -1.23629462e+00  6.90085082e+00  9.01368122e+00  1.65593698e+01  3.72256217e+01  4.22672840e+01  3.93139068e+01  3.88929001e+01  3.08508055e+01  2.02889430e+01  4.71296779e+00 -9.46353171e+00 -2.35433587e+01 -3.71415833e+01 -3.84562633e+01 -4.89105176e+01 -4.60936896e+01 -3.34339350e+01 -1.84923474e+01 -5.11776302e+00  7.33488436e+00  2.29941500e+01  3.28350488e+01  3.07914367e+01  2.85144250e+01  2.20355530e+01  6.22290734e+00 -1.04025008e+01 -2.27731113e+01 -3.35106781e+01 -3.13268730e+01 -3.22877418e+01 -2.23512347e+01 -1.70327808e+01 -7.71001330e+00  4.08185966e+00  1.08861902e+01  1.30817759e+01  1.73944070e+01  6.66494523e+00  1.87513276e+00  1.05844029e+00 -1.10863156e+01 -1.03084774e+01 -5.26400108e+00  5.24809991e+00  2.16641544e+01  3.57100893e+01  5.66644802e+01  6.63015818e+01  7.51859535e+01  8.10016747e+01  6.79469992e+01  6.46901953e+01  3.47749229e+01  8.72854974e+00 -1.96702755e+01 -4.75370821e+01 -7.24081778e+01 -8.00794473e+01 -8.86762574e+01 -8.51656590e+01 -7.09547768e+01 -5.31658985e+01 -3.71733527e+01 -1.96011688e+01  1.81459692e+00  1.71247131e+01  2.35126101e+01  2.87804867e+01  3.52076141e+01  2.83124428e+01  2.27113555e+01  2.33352945e+01  1.64690290e+01  1.14278903e+01  8.87757564e+00  6.11731846e+00  7.94835911e+00  1.75483604e+00 -1.12265582e+01 -2.10056895e+01 -3.02283225e+01 -4.58824783e+01 -6.09839238e+01 -6.76599731e+01 -7.65680204e+01 -7.34790013e+01 -6.65221149e+01 -5.81764386e+01 -3.68472153e+01 -2.15753694e+01  8.19082781e+00  2.44010748e+01  4.22710559e+01  5.76319060e+01  6.28311976e+01  6.80692142e+01  6.02744538e+01  6.52689032e+01  6.45192947e+01  6.18008349e+01  5.96066835e+01  4.40824212e+01  3.46687160e+01  3.11770126e+01  2.18521696e+01  1.74196229e+01  7.08886819e+00 -3.57836962e+00 -1.74155205e+01 -2.58211033e+01 -3.24835306e+01 -4.04189229e+01 -4.77013458e+01 -4.42062139e+01 -3.39571650e+01 -2.20724079e+01 -5.08894992e+00  4.04463910e+00  1.68913736e+01  2.00425605e+01  2.37433540e+01  2.37739962e+01  7.79692881e+00 -6.92421293e+00 -1.95909936e+01 -3.16158398e+01 -3.70016934e+01 -4.92524614e+01 -4.07150512e+01 -4.01170564e+01 -2.29382492e+01 -6.93107808e+00  1.43022385e+01  2.69615102e+01  3.59616545e+01  4.10988236e+01  4.36466557e+01  3.75450010e+01  2.64683790e+01  1.45576280e+01  6.49044326e+00 -7.25186912e+00 -1.24781154e+01 -1.88176964e+01 -7.05890834e+00 -3.14238834e+00  5.29725536e+00  1.09940006e+01  1.09033496e+01  1.42029874e+01  6.68937405e+00  7.65239620e-02 -1.54137627e+01 -2.83396501e+01 -3.79672286e+01 -4.06854758e+01 -4.43456902e+01 -4.11933478e+01 -1.84069138e+01 -8.24835631e-01  2.66444369e+01  5.52570627e+01  7.23964706e+01  8.78556164e+01  9.06662686e+01  9.29387679e+01  8.02075605e+01  5.60347835e+01  3.06861396e+01  7.10470194e+00 -2.51683108e+01 -4.81481985e+01 -6.48473742e+01 -7.60614558e+01 -7.92433355e+01 -7.33810770e+01 -6.07749774e+01 -5.59354356e+01 -4.09812333e+01 -3.18275631e+01 -1.83292467e+01 -8.76662618e+00  4.49254404e+00  1.04019869e+01  1.99956014e+01  2.81465659e+01  4.20675957e+01  5.56475591e+01  6.61984352e+01  7.93663729e+01  8.13558735e+01  8.33149309e+01  8.28194684e+01  6.78399866e+01  5.25763231e+01  3.45709447e+01  2.62861703e-01 -1.96344030e+01 -3.75249962e+01 -5.83284539e+01 -7.75055355e+01 -8.12002350e+01 -8.99081748e+01 -8.24244931e+01 -7.63337172e+01 -6.81813027e+01 -5.43674675e+01 -4.64330653e+01 -3.55415161e+01 -2.31599637e+01 -1.83636675e+01 -7.85526105e+00 -1.49532790e+00  1.47512228e+01  1.76225569e+01  2.83404119e+01  4.04110947e+01  5.05173018e+01  4.58465634e+01  4.93813371e+01  4.54611225e+01  3.93639135e+01  2.52781138e+01  1.51543002e+01 -1.50231102e+00 -1.20431925e+01 -1.74833536e+01 -2.30799435e+01 -2.17809690e+01 -1.21626959e+01 -1.44863225e+00  8.32796715e+00  2.05370056e+01  2.78936156e+01  3.52414008e+01  3.28048982e+01  2.53782679e+01  6.30901100e+00 -6.13262031e+00 -2.28306348e+01 -3.56596626e+01 -4.41028551e+01 -5.68455559e+01 -5.10180737e+01 -3.79212849e+01 -3.29781900e+01 -1.56207017e+01 -1.18413355e+00  1.11843663e+01  1.93890281e+01  2.02739622e+01  1.80150804e+01  8.99400829e+00  3.37588753e+00 -1.11122077e+01 -1.76605927e+01 -1.57612949e+01 -2.21544807e+01 -1.22978491e+01 -1.18379310e+01 -1.04274908e-01  8.07586360e+00  7.88586672e+00  1.33392780e+01  6.83190962e+00 -6.56328778e+00 -2.10091278e+01 -3.97509740e+01 -6.29718089e+01 -7.35416407e+01 -7.36505521e+01 -7.49801165e+01 -6.09357572e+01 -4.26229156e+01 -2.18923843e+01  1.71567567e+01  4.85131717e+01  7.16083508e+01  1.00174413e+02  1.09328205e+02  1.17216895e+02  1.14888920e+02  1.05473869e+02  8.89324666e+01  6.84150349e+01  4.83168956e+01  2.41958042e+01  8.06336478e+00 -4.39485585e+00 -1.62122345e+01 -3.06983438e+01 -3.07536629e+01 -3.94829756e+01 -5.35989705e+01 -5.37749450e+01 -6.68570679e+01 -7.89549468e+01 -7.44449883e+01 -7.48612179e+01 -6.92998604e+01 -5.55570669e+01 -3.70070422e+01 -1.98219630e+01  2.90863830e+00  2.16419122e+01  4.21029673e+01  5.55623155e+01  6.44449973e+01  6.95701765e+01  6.19841831e+01]
 [ 5.09393395e+01  6.07983304e+01  6.17587474e+01  5.97035919e+01  5.17416398e+01  3.86027012e+01  2.49499979e+01  1.13952090e+01 -2.47608084e+00 -5.34865368e+00 -9.58350342e+00 -8.21994572e+00 -1.35835176e+00  2.02447308e+00  4.66881508e+00  1.64982572e+00  2.78839921e+00 -3.36857065e+00 -1.70716225e+01 -2.70974046e+01 -3.93467902e+01 -4.47403584e+01 -4.59159541e+01 -3.59374342e+01 -2.48144328e+01 -1.04816113e+01  1.08461803e+01  3.82016114e+01  5.45654761e+01  6.40078384e+01  7.10231830e+01  7.14748936e+01  5.98292787e+01  5.12032446e+01  2.91437512e+01  1.28710503e+01 -2.27256544e+00 -9.20329297e+00 -9.99055432e+00 -9.26552993e+00 -1.00766930e+00  1.17211167e+01  2.31927067e+01  3.40193772e+01  4.17050198e+01  4.72539480e+01  3.75971073e+01  3.07654210e+01  1.74484373e+01  5.18583604e+00 -2.62859148e+00 -1.52912841e+01 -2.12103387e+01 -2.34372422e+01 -1.97417878e+01 -1.48939530e+01 -1.40770423e+01 -4.31706787e+00 -7.79769708e+00 -8.34327557e+00 -1.42894476e+01 -2.41821845e+01 -3.29033687e+01 -3.88680276e+01 -4.41147198e+01 -4.19789210e+01 -3.92852802e+01 -2.41121221e+01 -9.94238191e+00  2.44586443e+00  1.91492702e+01  2.88670511e+01  3.59684100e+01  4.08110661e+01  3.28171635e+01  1.85805479e+01  6.31818914e-01 -1.68147369e+01 -3.37417769e+01 -4.36911581e+01 -5.70502401e+01 -5.55890630e+01 -5.68449435e+01 -4.13586164e+01 -2.48017827e+01 -1.25422072e+01  1.01297782e-01  9.35601797e+00  1.56629010e+01  1.17694686e+01  1.02988705e+01  3.14894593e+00 -3.79273830e+00 -8.50354244e+00 -1.09402265e+01 -9.15903148e+00 -6.48624637e-01  4.99215650e+00  1.27607130e+01  1.77894903e+01  2.33247679e+01  1.71048672e+01  1.14884912e+01  8.98927044e-01 -1.75621763e+01 -3.46627779e+01 -5.13689609e+01 -6.51132926e+01 -7.05334138e+01 -6.95190111e+01 -6.08715427e+01 -4.77770530e+01 -3.35037669e+01 -1.53052602e+01  1.62995213e+00  1.44207811e+01  2.78054606e+01  3.46135579e+01  3.27009907e+01  3.14613512e+01  2.61044178e+01  2.51440269e+01  1.74414200e+01  1.83604597e+01  2.27331027e+01  2.87594084e+01  2.96826586e+01  3.50413740e+01  3.62954990e+01  3.53298497e+01  2.75170141e+01  8.23819646e+00 -4.69694545e+00 -2.90009349e+01 -4.63424025e+01 -6.02136350e+01 -7.91509173e+01 -8.18007675e+01 -7.70583224e+01 -6.41670478e+01 -4.86806307e+01 -2.80289619e+01 -9.58671658e+00  8.01176050e+00  1.87906956e+01  3.05333264e+01  2.11100034e+01  1.75611408e+01  9.12646345e+00 -5.15524603e+00 -2.04494727e+01 -2.57367308e+01 -3.03728202e+01 -2.77206613e+01 -2.37405849e+01 -8.19381664e+00  2.57159985e+00  1.03908678e+01  1.93461106e+01  2.42213084e+01  2.31436098e+01  2.20725837e+01  1.20604333e+01  3.99808870e+00  2.75516810e+00  2.34035375e+00 -1.27775311e-01  6.32209763e+00  1.21167271e+01  2.10425441e+01  3.07974737e+01  3.60288364e+01  4.09250919e+01  3.82292285e+01  2.94843605e+01  2.01114419e+01  1.05446495e+01 -3.07672930e+00 -1.38306674e+01 -1.80189215e+01 -1.49616033e+01 -8.77794957e+00  5.34660274e+00  1.89116675e+01  3.80553678e+01  5.16883927e+01  6.35158111e+01  6.45390434e+01  6.41540733e+01  5.35179726e+01  3.53136572e+01  1.97814142e+01 -9.56209858e-01 -1.95728009e+01 -3.42468304e+01 -3.84770443e+01 -3.82542847e+01 -3.67590664e+01 -2.45785216e+01 -2.34549372e+01 -1.28547239e+01 -5.58542189e+00 -4.67381145e+00 -3.85637994e+00 -1.08417563e+01 -1.32911074e+01 -1.77048572e+01 -1.77238831e+01 -2.11878795e+01 -1.49401779e+01 -3.04403774e+00  6.25412270e+00  2.20595802e+01  3.19373390e+01  4.02929370e+01  4.62844134e+01  4.41083371e+01  3.68792484e+01  2.19267337e+01  3.69191558e+00 -1.46439076e+01 -3.13755217e+01 -4.41475855e+01 -5.29663335e+01 -5.76529889e+01 -5.20073447e+01 -4.31972753e+01 -2.96201310e+01 -1.65621314e+01 -4.70773600e+00  1.94113720e+00  6.44712903e+00  3.64246573e+00  8.01463091e+00  1.87512612e+00  4.32150814e+00  6.57215217e+00  1.56952445e+01  2.25357639e+01  3.38976635e+01  4.58180655e+01  5.84383025e+01  7.11146873e+01  7.11553283e+01  7.39515243e+01  6.09235976e+01  4.16418961e+01  2.03306027e+01 -5.71256407e+00 -2.66529860e+01 -4.41655943e+01 -5.67021733e+01 -6.21731250e+01 -6.21946342e+01 -5.37400094e+01 -3.88267873e+01 -1.85010539e+01 -5.58256258e+00  7.21444987e+00  1.97477587e+01  1.86566122e+01  1.78630018e+01  9.83085952e+00 -4.29921459e-01 -8.60910566e+00 -1.40074390e+01 -2.17680791e+01 -1.96951610e+01 -1.69797108e+01 -9.27127883e+00 -2.92064841e+00  1.60257196e+00  8.13864981e+00  9.02953888e+00  5.12511268e+00  9.70786212e-01 -7.99916836e+00 -1.91637418e+01 -2.52775577e+01 -2.96379293e+01 -2.75055717e+01 -2.09996296e+01 -1.44251701e+01 -3.15919868e+00  1.11686652e+01  1.79040751e+01  2.50056233e+01  2.59394911e+01  2.00096269e+01  8.37313769e+00 -7.62147544e+00 -2.03431145e+01 -3.68165370e+01 -4.24522343e+01 -4.76001516e+01 -4.80732068e+01 -3.36762682e+01 -1.78254941e+01  3.18325310e+00  1.76925601e+01  3.25535761e+01  3.79731555e+01  4.35292236e+01  4.24645896e+01  3.87104399e+01  2.81274552e+01  1.80875121e+01  2.82088586e+00 -5.33873259e+00 -1.07198408e+01 -7.58830681e+00 -5.94935589e+00 -4.59400000e-01  7.48414516e+00  1.84248233e+01  1.78529416e+01  1.95985456e+01  9.99066165e+00  2.86739081e+00 -7.09059702e+00 -1.73531420e+01 -2.30542766e+01 -2.92136386e+01 -2.58554941e+01 -1.73616452e+01 -1.77600382e+00  1.22924045e+01  2.58841007e+01  4.07773105e+01  5.49060912e+01  5.42765985e+01  5.41544387e+01  4.43717525e+01  3.12258118e+01  1.07718337e+01 -6.90262476e+00 -1.87237681e+01 -2.90298551e+01 -3.94003564e+01 -3.47377155e+01 -3.50443957e+01 -3.45708298e+01 -2.22310055e+01 -1.67806102e+01 -1.86643860e+01 -1.81657741e+01 -2.37134576e+01 -3.03848135e+01 -3.70643395e+01 -3.96050233e+01 -3.94888052e+01 -3.23546384e+01 -2.35007151e+01 -5.56027990e+00  1.77537768e+01  4.18151426e+01  6.54537173e+01  7.54802315e+01  8.56614370e+01  8.89626684e+01  8.30781390e+01  6.93280294e+01  4.58365313e+01  2.52345285e+01  7.35864130e+00 -7.56459118e+00 -1.90300935e+01 -1.94875853e+01 -1.67366382e+01 -5.37598860e+00  3.00752432e+00  1.64454856e+01  2.83741472e+01  3.46804450e+01  3.74477071e+01  3.50193899e+01  3.16777690e+01  1.93705370e+01  1.04965722e+01  3.32998251e+00 -8.43897805e-01 -2.54071001e+00  3.30750690e+00  4.14395712e+00  5.54348892e+00  1.72808185e+01  1.56504489e+01  8.11250471e+00  2.02249634e+00 -1.17924572e+01 -1.95258942e+01 -3.60455062e+01 -4.67850235e+01 -5.19316763e+01 -5.30948273e+01 -4.72861449e+01 -3.09980619e+01 -1.87458055e+01 -1.01463764e+00  1.38785327e+01  2.20822602e+01  3.04615956e+01  3.16176457e+01  2.09089582e+01  1.34427974e+01 -7.02841161e-01 -1.80758555e+01 -2.76754650e+01 -3.85133685e+01 -4.08438487e+01 -3.99047705e+01 -2.93803256e+01 -1.36253892e+01 -1.75867479e+00  1.48986381e+01  2.05629970e+01  2.68695015e+01  2.75470695e+01  2.34939314e+01  1.50391639e+01  8.46760830e+00 -2.57539927e+00 -7.56077502e+00 -1.32124141e+01 -9.91709532e+00 -4.33805081e+00  2.07797414e+00  1.19796297e+01  2.02570494e+01  2.26782591e+01  2.18216176e+01  1.52977969e+01  2.74138122e+00 -1.27456789e+01 -2.77038391e+01 -4.19197037e+01 -4.93948974e+01 -5.46506939e+01 -5.56296853e+01 -4.13565427e+01 -2.84694966e+01 -1.30635443e+01  1.72839349e+00  1.44846442e+01  2.75595366e+01  2.90318401e+01  2.04710999e+01  2.21261588e+01  1.25493673e+01  6.82024989e+00 -3.40223820e+00 -1.36908243e+01 -1.21366134e+01 -8.82020527e+00 -5.11054875e+00  1.59570852e+00  8.76382745e+00  1.26788808e+01  4.93918126e+00  3.90112940e+00 -1.00623958e+01 -2.55234324e+01 -4.31737624e+01 -5.92180318e+01 -6.49507124e+01 -7.41161563e+01 -7.52852469e+01 -6.24222756e+01 -4.40235303e+01 -2.67519597e+01 -3.32306784e+00  1.26838077e+01  2.38987623e+01  3.45149872e+01  3.07427510e+01  2.00100195e+01  1.34248242e+01 -4.26868230e+00 -1.84746860e+01 -2.98895936e+01 -4.12333362e+01 -4.59551463e+01 -4.51769646e+01 -3.60501567e+01 -2.51713393e+01 -1.75032611e+01 -1.52468564e+00  8.12708174e+00  1.11999064e+01  1.27666984e+01  1.21642731e+01  5.59709676e+00  2.53016843e+00  3.36296816e+00  3.66095538e+00  1.18470891e+01  1.88664701e+01  3.14836312e+01  4.29732656e+01  4.81718193e+01  5.23849599e+01  4.95999240e+01  4.42476423e+01  2.89390390e+01  1.64487733e+01  3.11823301e+00 -1.14580810e+01 -2.51142846e+01 -3.05767649e+01 -2.71433269e+01 -1.94658654e+01 -9.13612331e+00]
 [-4.14413036e+01 -3.40507266e+01 -3.38714305e+01 -2.42900066e+01 -1.04044205e+01  7.17408960e+00  1.22430463e+01  2.10197951e+01  3.31549982e+01  3.88920324e+01  3.86862560e+01  4.44189214e+01  4.13655781e+01  3.30029876e+01  2.41402834e+01  1.06132467e+01  1.43210069e+00 -1.33304639e+01 -2.86182630e+01 -4.53551787e+01 -5.45897447e+01 -6.13099079e+01 -6.26217792e+01 -6.55712457e+01 -6.38278121e+01 -5.70834298e+01 -4.89126527e+01 -3.80569574e+01 -2.66243233e+01 -1.92851148e+01  4.34708364e+00  1.54200334e+01  3.19570515e+01  3.31687521e+01  4.55802604e+01  6.06333217e+01  5.24573022e+01  5.55808132e+01  5.17019158e+01  4.72442868e+01  3.83233884e+01  3.04615402e+01  1.25163416e+01  4.69505626e+00 -9.97638406e+00 -2.47830656e+01 -3.38744366e+01 -4.45203628e+01 -4.61562764e+01 -4.47984538e+01 -4.42584175e+01 -2.60123416e+01 -2.44478919e+01 -1.24897354e+01 -9.45028969e-01  1.09565074e+01  1.75518667e+01  2.03508944e+01  1.71395328e+01  1.56296921e+01  5.95967930e+00  8.77201432e+00  4.91747656e+00  4.52248620e+00  5.33864912e+00  1.11469787e+01  1.05817327e+01  1.93674550e+01  2.34283945e+01  3.03603630e+01  2.05985247e+01  1.70523750e+01 -4.19974368e+00 -2.17541666e+01 -3.79024918e+01 -6.97741110e+01 -8.91151040e+01 -1.05275018e+02 -1.16157843e+02 -1.15077900e+02 -1.00542962e+02 -8.94014799e+01 -5.31682986e+01 -2.21232584e+01  1.90082611e+01  5.34270853e+01  8.77495923e+01  1.08328533e+02  1.16525237e+02  1.10999864e+02  8.87880379e+01  7.49445456e+01  3.76949037e+01  6.78711854e+00 -2.63381613e+01 -5.30090273e+01 -7.11622058e+01 -8.47481718e+01 -7.91804413e+01 -7.25153149e+01 -5.73803828e+01 -2.49182400e+01 -8.03016449e+00  1.91225662e+01  4.37151419e+01  6.16890334e+01  7.98902306e+01  7.59878106e+01  7.35554305e+01  6.67432991e+01  6.23854636e+01  4.06564986e+01  2.98965144e+01  1.62108820e+01  9.50992267e+00 -3.88195290e-01 -4.28883181e+00 -5.43515727e+00 -3.19163186e+00  1.33393600e+00  1.59446802e+01  2.30996037e+01  3.51922799e+01  3.68015432e+01  4.16588326e+01  5.78208620e+01  6.16639875e+01  6.42773867e+01  6.65262802e+01  6.20742425e+01  4.54597688e+01  3.03544773e+01  2.31361120e+01  3.71464228e+00 -1.09608917e+01 -3.45748968e+01 -4.91315087e+01 -6.51268723e+01 -7.73905154e+01 -8.36246327e+01 -9.32507932e+01 -9.29359992e+01 -9.31577262e+01 -8.35799261e+01 -8.09182949e+01 -6.99586928e+01 -4.84900690e+01 -3.55017787e+01 -1.80004521e+01  5.37713632e+00  1.58013840e+01  4.08137095e+01  5.85849630e+01  6.26299659e+01  7.68917733e+01  8.19638377e+01  7.75390027e+01  7.17125330e+01  5.84473187e+01  5.00431817e+01  3.82655668e+01  2.37263068e+01  9.76575931e+00  6.96004909e+00 -8.40374349e+00 -1.23126304e+01 -1.28446519e+01 -9.32330773e+00  3.89503269e-01 -9.12820789e+00 -1.44502674e+00 -5.83571879e+00 -1.55248607e+01 -1.54689590e+01 -2.34579913e+01 -2.54199530e+01 -3.88722580e+01 -3.85668025e+01 -3.18487115e+01 -1.71398499e+01 -1.22702426e+01  1.97245814e+01  4.32666486e+01  5.48247009e+01  6.45534779e+01  6.69482891e+01  7.67558533e+01  6.58376174e+01  4.53314013e+01  1.21541293e+01 -1.31064347e+01 -4.56382705e+01 -7.73491666e+01 -9.24861503e+01 -1.08971392e+02 -1.03114432e+02 -1.00290371e+02 -6.40528576e+01 -4.07154916e+01 -7.00109761e+00  2.86304570e+01  6.34860328e+01  7.57583683e+01  9.30345763e+01  9.78630075e+01  8.90748791e+01  6.10703683e+01  3.62815588e+01  1.23145496e+00 -3.14891680e+01 -5.57355399e+01 -8.21353073e+01 -9.86639842e+01 -1.09128485e+02 -1.08150454e+02 -1.03021451e+02 -9.35973268e+01 -7.28945621e+01 -5.74749054e+01 -3.68952952e+01 -2.34870675e+01 -4.43077316e+00  8.31437718e+00  1.01306049e+01  6.62411821e+00  1.07411938e+01  3.47594532e+00 -3.32670540e+00 -8.48486941e+00 -1.65959253e+01 -1.19333458e+01 -2.10892909e+01 -2.50833945e+01 -2.45306304e+01 -2.09686245e+01 -1.58656323e+01 -1.22711666e+01  4.45604952e+00  2.33473315e+01  2.60056350e+01  3.97742096e+01  5.65245461e+01  6.71102049e+01  7.97553124e+01  8.84020575e+01  9.20990302e+01  9.47757589e+01  8.83235262e+01  8.43920823e+01  6.92647326e+01  6.31237585e+01  5.65934971e+01  3.66055359e+01  3.05230349e+01  7.11183826e+00 -6.84711482e+00 -2.12522866e+01 -4.26864921e+01 -5.30685745e+01 -4.87045487e+01 -5.74417192e+01 -5.85579925e+01 -5.55618298e+01 -4.96197140e+01 -4.31037773e+01 -3.36556238e+01 -2.04956172e+01 -5.69630783e+00  5.53046090e+00  1.71051405e+01  2.74791328e+01  1.83605003e+01  1.49542200e+01  1.55358005e+01  5.69173435e+00  1.02593738e+00 -1.04980485e+01 -1.30178669e+01 -1.31158793e+01 -1.74149667e+01 -1.25804348e+01 -3.24366026e+00  3.61643234e+00  9.95111701e-01  9.34689170e+00  2.72345641e+00  3.44832712e+00  2.53931418e-01 -1.31741743e+01 -2.90704581e+01 -3.50616408e+01 -3.95489132e+01 -3.24318479e+01 -2.35121240e+01 -9.42859138e+00  5.94289278e+00  3.68177299e+01  6.06671796e+01  8.63603379e+01  1.11464661e+02  1.26470319e+02  1.24688895e+02  1.23531508e+02  9.23934900e+01  6.54073292e+01  2.49199771e+01 -8.89666282e+00 -5.13440696e+01 -7.64069436e+01 -1.01896052e+02 -1.11874058e+02 -1.08436424e+02 -9.19331953e+01 -7.08774473e+01 -4.58871960e+01 -1.77242121e+01  1.93272203e+01  5.00358748e+01  6.78775254e+01  7.83356481e+01  8.52950633e+01  7.31425001e+01  5.41092258e+01  4.04483369e+01  7.03909044e+00 -4.33299915e+00 -2.99500506e+01 -4.99113239e+01 -6.21226792e+01 -6.76863683e+01 -6.91409144e+01 -6.41499352e+01 -5.87582959e+01 -4.68966858e+01 -3.90083859e+01 -3.03216865e+01 -1.85780425e+01 -9.78760263e+00 -4.45917893e+00  9.19830416e+00  2.68620960e+00 -2.05710667e+00  7.68095915e+00 -4.90315640e+00 -1.08066406e+01 -1.94198280e+01 -2.17450534e+01 -3.10761843e+01 -4.14861068e+01 -4.52282673e+01 -5.08356720e+01 -4.34404391e+01 -5.09020378e+01 -3.62078044e+01 -3.34207897e+01 -2.04255297e+01 -7.06126059e+00  2.24967713e+00  7.59288649e+00  1.49191905e+01  4.09951087e+01  4.75441434e+01  4.40802816e+01  6.12947328e+01  5.41814154e+01  5.77661220e+01  4.97121943e+01  5.09688048e+01  3.96189083e+01  2.88818626e+01  1.45213550e+01  5.68589311e-01 -1.13330658e+01 -2.29045701e+01 -3.88959509e+01 -5.04001423e+01 -5.94767190e+01 -5.39476423e+01 -5.08234071e+01 -4.61264330e+01 -3.38782592e+01 -2.32165951e+01 -2.68358605e+00  1.30673452e+01  2.24940351e+01  3.79088328e+01  3.58955419e+01  3.18008977e+01  3.42413746e+01  2.87406248e+01  2.77448288e+01  2.37230468e+01  1.69404344e+01  2.04633336e+01  2.86902280e+01  2.45019457e+01  3.56807984e+01  3.55716900e+01  3.05126465e+01  2.57801749e+01  1.92523938e+01  2.13852874e+00 -2.35095406e+01 -5.63431769e+01 -8.18478088e+01 -9.49410910e+01 -1.18366032e+02 -1.23371063e+02 -1.15408457e+02 -1.04722495e+02 -7.91985516e+01 -4.92607625e+01 -1.26776273e+01  2.68678881e+01  6.61138481e+01  9.62260539e+01  1.16796449e+02  1.19422433e+02  1.14488110e+02  1.02486154e+02  7.42732837e+01  4.88122613e+01  1.64424980e+01 -1.17693748e+01 -3.45550364e+01 -5.17532588e+01 -6.00621836e+01 -4.86451938e+01 -3.45685822e+01 -1.63945888e+01  5.40937938e+00  3.65939815e+01  5.48616595e+01  7.29011759e+01  8.86060872e+01  9.56996025e+01  9.30389884e+01  8.92499524e+01  7.67905768e+01  5.69503681e+01  4.48211021e+01  2.74261097e+01  8.36722268e+00 -3.72302364e+00 -1.56733863e+01 -2.60177462e+01 -2.67689726e+01 -3.27577185e+01 -2.78229749e+01 -2.40123661e+01 -1.11986197e+01 -8.13429835e+00  3.16607127e+00  8.65955410e+00  1.37890227e+01  2.64957291e+01  2.28426160e+01  2.22491362e+01  2.58309073e+01  2.30872700e+01  1.49376687e+01 -3.00762586e+00 -9.30740346e+00 -2.25452242e+01 -3.61519937e+01 -4.74334060e+01 -5.71688232e+01 -6.47018902e+01 -6.42864161e+01 -6.85603751e+01 -7.61139823e+01 -6.93406682e+01 -6.59229266e+01 -5.87857502e+01 -4.55794257e+01 -4.13373479e+01 -2.29550529e+01 -7.88154176e+00  8.40332393e+00  2.26592262e+01  4.01815135e+01  4.48045235e+01  5.54944612e+01  5.86952658e+01  6.40690104e+01  5.78684131e+01  4.75133180e+01  4.41853092e+01  2.84090907e+01  1.31523863e+01  3.11460477e+00 -1.06811989e+01 -1.71655445e+01 -1.47462840e+01 -1.35419669e+01 -1.76771365e+01 -6.69718533e+00 -3.16295761e+00 -6.74259402e+00 -1.39544162e+00 -3.45517944e+00 -9.14788054e+00 -1.20803109e+01 -2.14378669e+01 -2.70470768e+01 -3.09521258e+01 -2.81786963e+01 -2.03081313e+01 -1.04223479e+01  1.29394911e+01  3.19678237e+01  4.64218232e+01]
 [-4.60274332e+01 -4.93384997e+01 -4.03826018e+01 -2.47699106e+01  2.30205892e+00  2.56814990e+01  4.75606424e+01  6.30712182e+01  7.50524947e+01  6.67714288e+01  5.58098677e+01  3.48595742e+01  6.82472869e+00 -2.44354276e+01 -5.01013304e+01 -6.49339813e+01 -7.84726918e+01 -6.64897905e+01 -5.94201483e+01 -3.72437650e+01 -8.78899920e+00  9.58752418e+00  2.94328380e+01  3.78073241e+01  4.41815312e+01  3.10841189e+01  1.70512900e+01 -5.29039860e+00 -2.15161694e+01 -2.89245686e+01 -3.17856120e+01 -2.77640188e+01 -1.33671607e+01 -1.40276272e+00  2.14782684e+01  4.15927844e+01  4.97204963e+01  5.09720851e+01  4.66773559e+01  2.68885165e+01  5.49186871e+00 -1.92767076e+01 -4.82123167e+01 -6.65375606e+01 -7.75746510e+01 -8.90000084e+01 -6.92720312e+01 -5.50623139e+01 -2.39767039e+01  3.59711739e+00  2.48850484e+01  5.15414166e+01  6.23546244e+01  6.51731319e+01  5.15084416e+01  3.34659269e+01  2.05004520e+01 -4.71960868e+00 -1.75545659e+01 -3.08161902e+01 -3.77281737e+01 -2.32839097e+01 -9.74729511e+00 -2.54661959e-01  2.67997444e+01  3.69727421e+01  4.65508666e+01  4.97593689e+01  4.04291581e+01  3.33216334e+01  1.59123449e+01  2.09540146e+00 -1.83766633e+01 -3.19014965e+01 -4.13357026e+01 -4.82127093e+01 -4.32654457e+01 -3.76824392e+01 -2.73344968e+01 -2.26840646e+01 -7.57760024e+00 -5.99239691e+00  7.24136762e+00  4.05211469e+00  8.15194737e+00  1.22552526e+01  1.49949640e+01  2.44158575e+01  3.11530149e+01  4.61995807e+01  4.74267021e+01  5.17652777e+01  5.09783845e+01  4.43916150e+01  2.71562485e+01  4.44708314e+00 -2.09774995e+01 -5.01717459e+01 -6.68766026e+01 -7.99075321e+01 -9.15560519e+01 -8.35882139e+01 -6.43432691e+01 -4.57836902e+01 -9.04260936e+00  1.87798230e+01  5.11616798e+01  6.60075020e+01  6.88636963e+01  6.46506877e+01  4.65640252e+01  1.97767279e+01 -2.88697599e+00 -2.92517656e+01 -4.78426711e+01 -5.84845127e+01 -6.35404925e+01 -5.30915810e+01 -2.68500670e+01 -3.81555381e+00  2.76107574e+01  4.94268995e+01  7.27505403e+01  7.15132413e+01  7.01763466e+01  5.54970021e+01  4.10289010e+01  9.73438596e+00 -7.03140015e+00 -3.05719945e+01 -4.05517885e+01 -4.00727467e+01 -3.28911709e+01 -1.81005981e+01 -3.59090169e-02  1.03405168e+01  2.85149250e+01  3.14749463e+01  2.25651510e+01  1.78116404e+01 -8.98255603e+00 -2.82710484e+01 -4.78641953e+01 -5.98378580e+01 -6.31572108e+01 -6.46661657e+01 -4.29920897e+01 -2.35452550e+01 -6.34503252e+00  2.17431263e+01  4.48815142e+01  6.07763965e+01  6.72686027e+01  5.98464697e+01  4.14055636e+01  1.90640432e+01 -1.11484421e+01 -2.63548329e+01 -4.60394136e+01 -4.65685180e+01 -4.46229304e+01 -3.46223797e+01 -9.74883604e+00  1.33359576e+01  3.12798373e+01  4.38045565e+01  5.38531207e+01  5.47295099e+01  4.86664782e+01  2.32948981e+01  7.82846516e+00 -1.58350821e+01 -3.84148252e+01 -5.28218884e+01 -5.70172406e+01 -5.75699512e+01 -5.99996974e+01 -4.03853106e+01 -2.17526336e+01 -1.23669456e+00  6.14637287e+00  2.39821985e+01  3.06411373e+01  2.79125932e+01  2.17834841e+01  1.38435701e+01  1.19484190e+01  8.63643751e+00  2.31540571e+00 -3.79177172e+00  2.87166499e+00  5.18259263e+00  6.51464342e+00  9.19702555e+00  7.90343848e+00  5.77694421e+00 -9.32489959e+00 -7.49688765e+00 -1.61650142e+01 -1.10231774e+01 -8.77409524e+00  5.15388867e+00  6.55243575e+00  2.00145746e+01  4.68416591e+01  5.69934384e+01  5.97872406e+01  5.83370063e+01  4.50656194e+01  2.48078473e+01 -3.81160423e+00 -2.57268066e+01 -5.54452041e+01 -7.97088029e+01 -8.58853609e+01 -9.01188921e+01 -8.46519024e+01 -6.26237317e+01 -3.09545064e+01  3.86742985e+00  3.30809159e+01  5.78292140e+01  7.53011218e+01  7.47373756e+01  6.53546919e+01  4.90526320e+01  2.08897397e+01 -1.11181456e+01 -3.68811723e+01 -5.58441469e+01 -6.25845588e+01 -6.12743601e+01 -4.44054566e+01 -2.90649719e+01 -3.22162823e+00  1.59290058e+01  3.36348334e+01  4.33522298e+01  5.12584086e+01  4.05471164e+01  2.82684391e+01  8.52006501e+00 -1.31977396e+01 -2.59354016e+01 -3.16212673e+01 -2.97895017e+01 -1.68507440e+01 -3.31829555e+00  2.21948681e+01  3.17661333e+01  4.77447892e+01  6.18266768e+01  5.17342994e+01  4.50859032e+01  2.84555657e+01 -8.42957282e-01 -2.41027764e+01 -4.56477472e+01 -6.20105738e+01 -6.25763881e+01 -5.51772392e+01 -4.23113565e+01 -2.04464092e+01  5.01165748e+00  1.95131630e+01  3.72263947e+01  4.75371081e+01  4.76289562e+01  3.27754757e+01  1.80123105e+01  3.45982334e-01 -2.64133976e+01 -4.57889696e+01 -5.13541742e+01 -5.74191405e+01 -4.66827057e+01 -2.70223605e+01 -5.55266279e+00  1.90108733e+01  4.33764459e+01  5.36479781e+01  5.94874851e+01  5.94581813e+01  5.11559440e+01  2.86547089e+01  7.40146757e+00 -1.34378869e+01 -2.98470932e+01 -4.36493920e+01 -4.98829099e+01 -4.17623074e+01 -4.22542331e+01 -2.17064588e+01 -1.67182093e+01 -1.39601890e+00  3.07066653e+00  1.31282105e+01  1.11560661e+01  8.29099550e+00  1.20213283e+01  1.03896904e+01  1.71771293e+01  1.72649202e+01  1.57248976e+01  1.90299809e+01  2.29953348e+01  2.32502060e+01  2.22084415e+01  1.51563428e+01  3.45025578e+00 -1.26483675e+01 -2.95631436e+01 -3.52040344e+01 -4.83503773e+01 -5.03913064e+01 -4.18634136e+01 -2.75903473e+01 -3.83997530e+00  2.30407931e+01  3.99499353e+01  6.57431025e+01  6.77324045e+01  7.03867645e+01  6.22670185e+01  3.11241364e+01  9.67609725e+00 -2.59171020e+01 -5.26236130e+01 -7.07953790e+01 -8.58448718e+01 -7.91800623e+01 -6.92729093e+01 -4.53236162e+01 -1.69113187e+01  2.43425812e+01  4.52507967e+01  6.76503086e+01  7.41692121e+01  7.10301740e+01  5.80098798e+01  3.30556969e+01  9.98377463e+00 -1.53423399e+01 -3.95492638e+01 -5.26748197e+01 -6.23175632e+01 -4.93570031e+01 -3.20707971e+01 -1.85758700e+01  3.54328303e+00  1.78321418e+01  3.55988258e+01  3.15861419e+01  3.35764076e+01  1.74451859e+01  1.69106940e+00 -1.97262399e+01 -2.60245152e+01 -3.60209125e+01 -3.62105805e+01 -1.91558802e+01 -4.86662942e-01  2.25816182e+01  4.62015556e+01  6.33805147e+01  7.48345323e+01  7.80136828e+01  6.67228527e+01  4.33766873e+01  1.52076510e+01 -9.81139282e+00 -4.01440658e+01 -6.25909221e+01 -7.85287816e+01 -7.93757834e+01 -6.79101951e+01 -5.56288560e+01 -2.70220383e+01 -4.58913810e+00  1.32725103e+01  2.62857204e+01  3.13110843e+01  2.53424856e+01  1.68751973e+01  5.78877354e+00 -1.61232047e+01 -3.31106515e+01 -3.98827133e+01 -4.13463521e+01 -3.60725197e+01 -1.87210300e+01  3.65534713e+00  2.70567506e+01  4.95534223e+01  6.58580063e+01  7.27961412e+01  7.51482121e+01  6.72343740e+01  4.81008834e+01  3.23380971e+01  1.36837598e+01 -2.87280665e+00 -2.70345744e+01 -3.72870616e+01 -5.08901550e+01 -5.06911868e+01 -5.25434502e+01 -5.15543366e+01 -4.22121900e+01 -4.01130868e+01 -3.91122804e+01 -3.74380636e+01 -3.62718072e+01 -2.80837737e+01 -2.38408988e+01 -7.70535237e+00  7.57151330e+00  2.18647995e+01  4.12159282e+01  6.03130646e+01  6.34885606e+01  6.87463454e+01  6.48038177e+01  5.59658410e+01  3.68832891e+01  1.13179990e+01 -8.69629058e+00 -2.64779380e+01 -4.07110717e+01 -4.68204852e+01 -4.18957261e+01 -2.06978489e+01 -1.88422636e+00  2.03055263e+01  4.39544515e+01  5.71496709e+01  6.58116817e+01  5.94477962e+01  4.13233866e+01  1.57192763e+01 -1.50128558e+01 -4.66565881e+01 -7.14561208e+01 -8.60211809e+01 -9.22762474e+01 -8.82650598e+01 -5.96760435e+01 -4.29032922e+01 -8.94346215e+00  2.50996046e+01  5.01952218e+01  6.75254400e+01  8.09390042e+01  7.07753944e+01  5.41883666e+01  3.57155407e+01  1.04045820e+01 -9.79677762e+00 -2.60852955e+01 -3.10976140e+01 -3.07064753e+01 -2.29720840e+01 -1.04281899e+01  5.26256792e+00  1.11384355e+01  2.52555658e+01  2.55174102e+01  1.51997255e+01 -1.72236245e+00 -2.37930846e+01 -4.34733101e+01 -5.90281464e+01 -6.46069161e+01 -6.51174875e+01 -4.95486606e+01 -3.02693974e+01 -8.15745616e+00  2.90747814e+01  5.62778620e+01  7.63298606e+01  9.01360100e+01  8.81503482e+01  8.09368474e+01  5.35597213e+01  3.84122836e+01  1.08193467e+01 -1.54515942e+01 -3.07984504e+01 -4.19814339e+01 -4.69858522e+01 -2.99511833e+01 -1.76874434e+01  1.77135834e+00  2.40951067e+01  3.08845882e+01  2.94428496e+01  3.17180479e+01  1.04587291e+01 -1.21487045e+01 -2.66108098e+01 -4.81675794e+01 -6.04298570e+01 -6.81246825e+01 -6.20846949e+01 -5.45674099e+01 -3.66759029e+01 -1.78771628e+01  4.13030715e+00  2.73349904e+01  4.06247669e+01  5.34472641e+01  5.69619021e+01]
 [ 1.25525905e+01  1.83332531e+00 -7.30556093e-01 -1.26517322e+00  2.81776512e+00  1.02772732e+01  3.04089679e+01  4.59732871e+01  5.71309927e+01  7.15026054e+01  8.08908202e+01  8.98591077e+01  8.69457200e+01  8.00538063e+01  8.39075050e+01  8.44500798e+01  7.76373103e+01  7.29254985e+01  7.63533124e+01  6.85122416e+01  7.55745281e+01  7.39107856e+01  7.08329163e+01  5.92597474e+01  5.93957386e+01  4.78114547e+01  4.15530103e+01  2.66524467e+01  2.32650094e+01  1.91797094e+01  2.03007756e+01  1.93961683e+01  1.94571600e+01  2.28328499e+01  3.33169371e+01  3.04013065e+01  3.50780643e+01  2.63456186e+01  2.14098300e+01  1.54209647e+01  8.74932235e+00 -8.16087478e+00 -1.67317935e+01 -1.27990105e+01 -2.04978670e+01 -1.58747729e+01 -1.37410366e-01  3.74694437e+00  2.06976893e+01  3.07731682e+01  3.51600009e+01  4.08867759e+01  3.99040183e+01  3.72999837e+01  3.32685194e+01  2.51967860e+01  2.32893069e+01  2.18689296e+01  2.99906519e+01  3.66064050e+01  4.53692091e+01  6.54652417e+01  7.36457618e+01  7.97776658e+01  8.25966176e+01  7.28395645e+01  6.52611440e+01  4.33467415e+01  1.24147748e+01 -8.72639333e+00 -3.99456453e+01 -5.79400521e+01 -8.66594655e+01 -9.63915108e+01 -9.37020335e+01 -8.78130420e+01 -7.57250325e+01 -6.57934808e+01 -4.28775793e+01 -3.78509936e+01 -2.58868876e+01 -2.74543753e+01 -2.85947200e+01 -3.92734291e+01 -5.81276220e+01 -6.87500910e+01 -8.62878190e+01 -9.14746963e+01 -9.20684150e+01 -8.56777063e+01 -7.40975247e+01 -6.66489252e+01 -4.87818332e+01 -4.04920751e+01 -2.74565980e+01 -2.93545031e+01 -3.24428890e+01 -3.67243778e+01 -5.27113392e+01 -5.78083587e+01 -7.81108681e+01 -8.48896082e+01 -8.29666403e+01 -8.31570684e+01 -7.05651704e+01 -6.05524757e+01 -4.05270368e+01 -2.51162813e+01 -1.53905078e+01 -1.58021032e+01 -1.18874907e+01 -2.01479270e+01 -3.07956934e+01 -3.96264035e+01 -5.82654881e+01 -6.88144191e+01 -8.67533837e+01 -9.64160442e+01 -1.02171663e+02 -9.94468941e+01 -9.79619151e+01 -9.01114808e+01 -8.09433504e+01 -8.17889405e+01 -6.58814783e+01 -6.99643117e+01 -5.30307916e+01 -6.06322141e+01 -5.06905336e+01 -5.21679228e+01 -4.32118769e+01 -2.64159005e+01 -2.84687587e+01 -1.78075810e+01 -8.02929022e+00  2.95411096e-01  1.15767749e+01  1.65405029e+01  9.31630554e+00  1.06052741e+01  8.05784161e+00  7.01002702e+00  3.35985475e+00  2.07262966e+00  1.19497043e+00  1.98037492e+00  1.64188969e+01  2.01676391e+01  2.97349566e+01  3.75554393e+01  4.21830317e+01  3.64716507e+01  3.23866611e+01  2.18646237e+01  1.27359429e+01 -5.94443856e+00 -2.37187338e+01 -2.04450306e+01 -2.55485991e+01 -2.54558208e+01 -2.32761961e+01 -1.26840962e+01 -6.64241870e+00  5.20091475e+00  9.68325527e+00  7.50586158e-01 -1.20455393e+00 -9.08543582e+00 -1.54068890e+01 -2.59930854e+01 -3.02341894e+01 -3.07143598e+01 -2.31360763e+01 -1.08526793e+01  2.38830658e+00  3.18497583e+01  5.26113911e+01  8.16192214e+01  1.03270060e+02  1.14705782e+02  1.12744998e+02  1.11338010e+02  9.94961336e+01  8.21842610e+01  5.79510597e+01  3.76970016e+01  2.01024381e+01  1.25981829e+01  1.21938977e+01  5.07006652e+00  2.10279823e+01  3.32275678e+01  4.68984337e+01  5.38749716e+01  6.63228237e+01  6.72513003e+01  5.99776905e+01  4.58084018e+01  3.56492649e+01  2.23228637e+01  1.18472712e+01  3.29684566e+00 -2.77651339e+00 -7.06622272e-01  1.95301501e+01  2.84994890e+01  3.21883260e+01  4.98028431e+01  6.04024008e+01  6.05564158e+01  6.54263168e+01  6.06385508e+01  4.15566941e+01  3.42583349e+01  2.53144976e+01  1.25881452e+01  8.71790482e+00  9.83920497e+00  1.31446543e+01  2.38181966e+01  3.62943982e+01  4.60779837e+01  6.12544828e+01  6.88330589e+01  8.01375442e+01  7.86867844e+01  7.31332295e+01  6.00836472e+01  4.36838785e+01  3.05960275e+01  1.85003765e+01  6.76472661e+00 -4.21992832e+00 -2.33683658e+00 -1.42544863e+01 -1.54427245e+01 -1.62544953e+01 -1.63201934e+01 -2.07363385e+01 -2.67584336e+01 -2.95759182e+01 -2.88880555e+01 -3.97412944e+01 -4.17097896e+01 -4.04371382e+01 -3.12836033e+01 -2.53321641e+01 -1.85371409e+01 -6.71917935e+00 -1.19176566e+01 -1.59186864e+01 -1.48107356e+01 -1.41762410e+01 -1.90017078e+01 -3.33846241e+01 -4.08517763e+01 -4.93185058e+01 -5.34056068e+01 -5.44271862e+01 -5.84135081e+01 -4.92996191e+01 -3.94559898e+01 -2.38329465e+01 -1.91930624e+01 -9.27364934e+00 -9.30954398e+00 -4.34817321e+00 -1.04957597e+01 -1.89275915e+01 -2.30884692e+01 -3.46491693e+01 -3.64882882e+01 -3.43837812e+01 -3.02684452e+01 -2.12358431e+01 -1.06708527e+01 -6.48950860e+00 -1.07420003e+00  1.50916728e+00  3.17742819e+00 -1.28077562e+01 -2.90865798e+01 -5.20227405e+01 -6.84894023e+01 -8.89835133e+01 -1.02826937e+02 -1.11147495e+02 -1.12172634e+02 -9.73741005e+01 -8.58206770e+01 -5.77530425e+01 -3.79799054e+01 -7.86882837e+00  9.04420902e+00  2.71358246e+01  3.97215482e+01  3.43668866e+01  2.92644268e+01  1.04150531e+01  1.12824476e+01  6.66582658e+00  6.74507213e+00  6.68662676e+00  6.01265082e+00  1.54910145e+01  3.64710001e+01  4.80971006e+01  6.88875177e+01  7.15425127e+01  7.63564205e+01  7.05784800e+01  6.42973196e+01  4.62912763e+01  2.70887483e+01  1.20668453e+01 -2.75167240e-01 -1.26737234e+01 -1.67838407e+01 -8.53319737e+00 -1.05638387e+01  1.37049371e+00  1.41179915e+01  2.69552909e+01  3.30647426e+01  3.03150230e+01  2.32425744e+01  1.18264722e+01  1.43954188e+00 -1.80884777e+00 -1.78796492e+01 -1.42554696e+01 -2.49454139e+01 -1.45792823e+01 -1.68327431e+00  1.14797093e+01  3.28264449e+01  4.41093599e+01  5.87563130e+01  8.21207030e+01  8.32633360e+01  8.74323218e+01  9.79346631e+01  9.37786561e+01  8.82054123e+01  8.49995855e+01  7.67329933e+01  7.46125130e+01  7.40216449e+01  7.68458707e+01  7.51784477e+01  6.67743030e+01  5.77348897e+01  5.97357829e+01  4.63332277e+01  4.09802954e+01  3.00446900e+01  2.02664707e+01  1.96581564e+01  1.62290228e+01  1.52040012e+01  2.00743019e+01  2.72659278e+01  5.26337313e+01  5.01687573e+01  5.90303326e+01  5.70592137e+01  5.14374196e+01  4.59034145e+01  3.77840081e+01  2.70850601e+01  1.43124509e+01  1.03488716e+01 -3.54438956e+00 -7.11710334e+00  4.08544080e+00  1.35912418e+01  2.05441607e+01  2.72154055e+01  3.76077047e+01  3.88258301e+01  3.44371274e+01  3.30843578e+01  1.94996808e+01  1.39227101e+01  1.20695803e+01  6.75362898e+00  1.11756189e+01  2.04917320e+01  3.52438296e+01  5.21134399e+01  6.62159912e+01  8.73928981e+01  8.97058719e+01  9.40997730e+01  8.53842159e+01  7.38294869e+01  5.66084718e+01  2.83036116e+01 -8.71517317e+00 -3.41188899e+01 -5.35848594e+01 -7.40478167e+01 -8.27858910e+01 -7.72242797e+01 -7.27186895e+01 -6.66048851e+01 -5.18302835e+01 -3.92686285e+01 -3.70353088e+01 -3.44366200e+01 -3.92344064e+01 -4.33393825e+01 -5.77477803e+01 -6.89002923e+01 -9.33439127e+01 -8.97351331e+01 -9.94651676e+01 -8.63042479e+01 -7.45241605e+01 -5.76117048e+01 -5.03897088e+01 -3.60557637e+01 -1.87212015e+01 -1.09602915e+01 -1.35836967e+01 -1.33990636e+01 -1.71699613e+01 -3.30667163e+01 -4.99892846e+01 -6.08631943e+01 -6.69226412e+01 -7.19068817e+01 -6.77909703e+01 -5.68860464e+01 -5.01200175e+01 -4.15624362e+01 -2.40593834e+01 -2.42586727e+01 -1.64253674e+01 -2.63138480e+01 -3.99092230e+01 -5.11887105e+01 -6.82874650e+01 -7.43466182e+01 -1.00695543e+02 -1.05062568e+02 -1.05475451e+02 -1.13140167e+02 -1.06035083e+02 -1.01394954e+02 -9.33071474e+01 -7.90274657e+01 -7.19116919e+01 -6.81196468e+01 -6.77854144e+01 -5.61268590e+01 -5.74598854e+01 -4.94168546e+01 -4.80608973e+01 -4.57101279e+01 -3.37008299e+01 -3.17322861e+01 -2.70649302e+01 -1.30853794e+01 -1.30040736e+01 -3.44961245e+00 -1.86777965e+00 -7.08488159e+00 -1.09540845e+01 -1.40523852e+01 -2.20937951e+01 -1.58450061e+01 -1.37998057e+01 -3.57218912e+00  9.61975743e+00  2.27498737e+01  2.05226057e+01  4.05591819e+01  4.86868395e+01  4.42528781e+01  4.93597260e+01  4.53989122e+01  3.01601928e+01  2.48085456e+01  1.65788378e+01  2.24926060e+00 -5.56890650e+00 -1.62275610e+01 -1.75728930e+01 -1.19966947e+01 -4.91483910e+00 -3.65691898e+00 -8.58355934e+00  1.23138784e+00 -9.84101683e+00 -1.68751207e+01 -3.35264925e+01 -4.28774063e+01 -5.28579897e+01 -5.25692207e+01 -5.34660335e+01 -4.93594198e+01 -2.54786162e+01  5.03091027e+00  2.69257759e+01  6.06538145e+01  7.99637206e+01  1.04161516e+02  1.14789245e+02  1.12431063e+02  1.12362927e+02  9.88830574e+01]]
  counter = 512
  ||sphere||_F = 1.339598e+00
  ||weights||_F = 2.828427e+00
  ||sources||_F = 5.205262e+02
  output -> D:\work\Python_Project\pyorica\pyorica\orica\output_core.txt
--- sphere ---
0.43954601074392285 -0.1016230281727597 -0.17800172100812506 0.17110794597367096 -0.002857085021826032 -0.13863677666413754 0.077355857453397403 -0.046675544940961565
-0.095402099923843256 0.36707996721734831 0.05296693345166311 -0.2208591570591644 0.1766266211635843 0.092171368959432648 0.03643977275708471 0.051904325367544572
-0.16887485123337687 0.051872594060985835 0.29527133939183303 -0.03471768410375646 -0.042836464275633979 0.068814646792879505 -0.061962251497124539 0.0010629262087040773
0.16439454294878675 -0.20985442705154966 -0.031443839354638854 0.5377939533964764 -0.05607489252257547 -0.22054791801274878 -0.062275636125775469 -0.1385963196481956
-0.00929031259910576 0.17296130063087203 -0.038787719475128761 -0.056107186843655163 0.48905203544442316 -0.025395020160657363 0.10923306176767285 0.038928950216080886
-0.15281921078156616 0.094061674830215353 0.071117698828280076 -0.20797517377073066 -0.018413122671765314 0.31494504984174537 -0.066064186082586532 0.073692851734730253
0.078839996036045565 0.034361024724636237 -0.062779575418131894 -0.062926835525715874 0.11981666088857106 -0.065181854528356675 0.31669464315399476 -0.0032171104666089945
-0.047702821984676062 0.056348021082796421 -0.0087598937634902826 -0.14233204379881048 0.039622092005622278 0.07503548983814147 -0.0050033492729831324 0.22882330812506879
--- weights ---
0.92808550366123943 -0.0051429483064227843 0.19205207024053336 -0.028714125432493742 -0.13711756076196824 -0.1788642851943987 0.21155175242772195 -0.073311304386826648
0.0035726127829911769 0.91022429838901686 0.17991707174343444 -0.19513348966976257 0.30047127096278659 -0.037662556205056437 -0.049251713692072575 -0.083093606548247601
-0.25436703736902028 -0.10540637014538323 0.91603805902967061 -0.036185820645622362 -0.25272057845120849 -0.13405721769473702 0.014048892113797631 0.041417006988018992
0.050552274125712594 0.22549375031269306 0.048116844104819402 0.9468405856383123 -0.1129158553761669 0.0086892788084144672 -0.18072868466542227 0.047815890974557712
0.099009343637230102 -0.27383860388706399 0.24821318375967161 0.15689925835707502 0.87155374678459141 0.11521084178903761 0.092777968756597273 0.2179338981021485
0.12166164314823244 0.017390465287559876 0.15221850479935539 -0.034109416668600637 -0.11334823479202573 0.94805497308752862 -0.024203616881647363 -0.21981861021786603
-0.18717461200201296 0.13543252704064193 -0.061595438278772778 0.14586170902926962 -0.082296949657853516 0.075627375861971158 0.9475240155837592 0.10611319923958823
0.10838667488896354 0.12599747523376018 -0.027030307469970878 -0.12737913582230159 -0.18727403691098088 0.1753310814380378 -0.11386206237333314 0.93629256160101937
--- sources (first 8 samples per component) ---
-14.922077918931521 -17.280781682769451 -19.129693786053735 -17.959680977138284 -17.661216312016847 -15.532105089296973 -14.418952403700207 -12.281667642040388
-5.8630965626811431 -6.6041039922929548 -5.5755056698849668 -6.1453521775068127 -6.3949860396398117 -8.553468154572144 -8.8404367362779563 -10.914193779645421
-3.3265453062478345 -4.211848018427542 -4.0034805485418463 -3.8017617837283204 -2.4067760599554262 -1.2838571782985184 -0.5227823456075853 1.0699134401379646
0.19950132511087532 -0.29468655112934428 0.64441473808973027 -0.67300995327737223 -0.10555194937701802 -0.72162203249639834 0.37988341756643479 0.18971659399085086
12.291984067607059 14.198729817056776 15.459582163273026 15.77304343670669 15.767314827088036 13.382792593871114 12.280932478412437 9.7315689920560775
-10.888028612332864 -9.7857265122740102 -10.73854185550368 -9.4868539168764219 -8.1197445496156799 -5.1361748608276159 -5.4255595253305158 -3.7381883917441447
-7.8675342293776076 -8.6532200033569158 -6.3399193223500152 -3.0551301332467937 2.4819563367277868 6.6443782338495474 11.250412254215108 13.801007322361389
-2.2903646975812952 -4.2429699842158364 -6.1596823340475035 -6.4406550416975161 -6.9847017447955624 -5.2512600267330551 -2.5702214849725418 0.69048943305659638
